DATE,PLAYER,TEAM,AGE,GP,WLP,W,L,MIN,PTS,FGM,FGA,FG%,3PM,3PA,3P%,FTM,FTA,FT%,OREB,DREB,REB,AST,TOV,STL,BLK,PF,FP,DD2,TD3,+/-
14-15,Russell Westbrook,OKC,26.0,67.0,0.5970149253731343,40.0,27.0,34.4,28.1,9.4,22.0,42.6,1.3,4.3,29.9,8.1,9.8,83.5,1.9,5.4,7.3,8.6,4.4,2.1,0.2,2.7,52.3,31.0,11.0,3.7
14-15,James Harden,HOU,25.0,81.0,0.691358024691358,56.0,25.0,36.8,27.4,8.0,18.1,44.0,2.6,6.9,37.5,8.8,10.2,86.8,0.9,4.7,5.7,7.0,4.0,1.9,0.7,2.6,48.6,21.0,4.0,4.1
14-15,Kevin Durant,OKC,26.0,27.0,0.6666666666666666,18.0,9.0,33.8,25.4,8.8,17.3,51.0,2.4,5.9,40.3,5.4,6.3,85.4,0.6,6.0,6.6,4.1,2.7,0.9,0.9,1.5,42.1,5.0,0.0,6.2
14-15,LeBron James,CLE,30.0,69.0,0.7246376811594203,50.0,19.0,36.1,25.3,9.0,18.5,48.8,1.7,4.9,35.4,5.4,7.7,71.0,0.7,5.3,6.0,7.4,3.9,1.6,0.7,2.0,46.5,22.0,2.0,7.8
14-15,Anthony Davis,NOP,22.0,68.0,0.5735294117647058,39.0,29.0,36.1,24.4,9.4,17.6,53.5,0.0,0.2,8.3,5.5,6.8,80.5,2.5,7.7,10.2,2.2,1.4,1.5,2.9,2.1,51.8,42.0,0.0,3.9
14-15,Carmelo Anthony,NYK,31.0,40.0,0.25,10.0,30.0,35.7,24.2,9.0,20.2,44.4,1.5,4.5,34.1,4.7,5.9,79.7,1.8,4.8,6.6,3.1,2.2,1.0,0.4,2.2,38.7,5.0,0.0,-2.7
14-15,DeMarcus Cousins,SAC,24.0,59.0,0.3898305084745763,23.0,36.0,34.1,24.1,8.4,18.1,46.7,0.0,0.1,25.0,7.2,9.2,78.2,3.1,9.5,12.7,3.6,4.3,1.5,1.7,4.1,50.1,47.0,2.0,1.0
14-15,Stephen Curry,GSW,27.0,80.0,0.8375,67.0,13.0,32.7,23.8,8.2,16.8,48.7,3.6,8.1,44.3,3.9,4.2,91.4,0.7,3.6,4.3,7.7,3.1,2.0,0.2,2.0,44.1,23.0,0.0,11.5
14-15,LaMarcus Aldridge,POR,29.0,71.0,0.676056338028169,48.0,23.0,35.4,23.4,9.3,19.9,46.6,0.5,1.5,35.2,4.3,5.1,84.5,2.5,7.7,10.2,1.7,1.7,0.7,1.0,1.8,41.5,39.0,0.0,4.8
14-15,Kobe Bryant,LAL,36.0,35.0,0.2857142857142857,10.0,25.0,34.5,22.3,7.6,20.4,37.3,1.5,5.3,29.3,5.6,6.9,81.3,0.7,4.9,5.7,5.6,3.7,1.3,0.2,1.9,38.6,4.0,2.0,-8.4
14-15,Blake Griffin,LAC,26.0,67.0,0.7014925373134329,47.0,20.0,35.2,21.9,8.6,17.1,50.2,0.1,0.4,40.0,4.6,6.4,72.8,1.9,5.7,7.6,5.3,2.3,0.9,0.5,2.9,41.1,18.0,0.0,8.7
14-15,Kyrie Irving,CLE,23.0,75.0,0.6933333333333334,52.0,23.0,36.4,21.7,7.7,16.5,46.8,2.1,5.0,41.5,4.2,4.9,86.3,0.7,2.4,3.2,5.2,2.5,1.5,0.3,1.9,36.2,6.0,0.0,5.6
14-15,Klay Thompson,GSW,25.0,77.0,0.8311688311688312,64.0,13.0,31.9,21.7,7.8,16.9,46.3,3.1,7.1,43.9,2.9,3.3,87.9,0.4,2.9,3.2,2.9,1.9,1.1,0.8,1.6,33.6,1.0,0.0,10.1
14-15,Dwyane Wade,MIA,33.0,62.0,0.45161290322580644,28.0,34.0,31.8,21.5,8.2,17.5,47.0,0.5,1.6,28.4,4.6,6.0,76.8,0.9,2.6,3.5,4.8,3.4,1.2,0.3,1.7,34.1,3.0,0.0,-0.9
14-15,Chris Bosh,MIA,31.0,44.0,0.4318181818181818,19.0,25.0,35.4,21.1,7.8,16.9,46.0,1.4,3.8,37.5,4.1,5.3,77.2,1.0,6.0,7.0,2.2,2.2,0.9,0.6,1.6,35.1,7.0,0.0,-2.3
14-15,Rudy Gay,SAC,28.0,68.0,0.36764705882352944,25.0,43.0,35.4,21.1,7.5,16.4,45.5,1.2,3.2,35.9,5.0,5.8,85.8,1.4,4.4,5.9,3.7,2.7,1.0,0.6,2.3,35.9,2.0,0.0,-1.6
14-15,Damian Lillard,POR,24.0,82.0,0.6219512195121951,51.0,31.0,35.7,21.0,7.2,16.6,43.4,2.4,7.0,34.3,4.2,4.9,86.4,0.6,4.0,4.6,6.2,2.7,1.2,0.3,2.0,37.4,6.0,0.0,3.7
14-15,DeMar DeRozan,TOR,25.0,60.0,0.6166666666666667,37.0,23.0,35.0,20.1,6.8,16.5,41.3,0.4,1.5,28.4,6.0,7.2,83.2,0.7,3.9,4.6,3.5,2.3,1.2,0.2,2.0,32.8,4.0,0.0,2.2
14-15,Jimmy Butler,CHI,25.0,65.0,0.6153846153846154,40.0,25.0,38.7,20.0,6.5,14.0,46.2,1.1,3.0,37.8,5.9,7.1,83.4,1.8,4.1,5.8,3.3,1.4,1.8,0.6,1.7,37.4,4.0,0.0,3.7
14-15,Kevin Martin,MIN,32.0,39.0,0.28205128205128205,11.0,28.0,33.4,20.0,6.8,16.0,42.7,1.9,4.9,39.3,4.4,4.9,88.1,0.5,3.2,3.6,2.3,1.9,0.8,0.0,1.9,28.4,0.0,0.0,-6.5
14-15,Nikola Vucevic,ORL,24.0,74.0,0.28378378378378377,21.0,53.0,34.2,19.3,8.5,16.3,52.3,0.0,0.1,33.3,2.2,2.9,75.2,3.2,7.7,10.9,2.0,2.0,0.7,0.7,3.0,37.8,45.0,0.0,-4.1
14-15,Gordon Hayward,UTA,25.0,76.0,0.4605263157894737,35.0,41.0,34.4,19.3,6.4,14.3,44.5,1.6,4.3,36.4,4.9,6.1,81.2,0.7,4.2,4.9,4.1,2.7,1.4,0.4,1.7,34.1,2.0,0.0,1.4
14-15,Chris Paul,LAC,30.0,82.0,0.6829268292682927,56.0,26.0,34.8,19.1,6.9,14.3,48.5,1.7,4.3,39.8,3.5,3.9,90.0,0.6,4.0,4.6,10.2,2.3,1.9,0.2,2.5,43.8,40.0,1.0,8.9
14-15,Monta Ellis,DAL,29.0,80.0,0.625,50.0,30.0,33.7,18.9,7.5,16.9,44.5,1.0,3.6,28.5,2.9,3.8,75.2,0.4,2.0,2.4,4.1,2.5,1.9,0.3,2.5,31.9,3.0,0.0,2.7
14-15,Pau Gasol,CHI,34.0,78.0,0.6153846153846154,48.0,30.0,34.4,18.5,7.3,14.8,49.4,0.2,0.3,46.2,3.8,4.7,80.3,2.8,9.0,11.8,2.7,2.0,0.3,1.9,1.9,41.3,54.0,0.0,2.4
14-15,Victor Oladipo,ORL,23.0,72.0,0.3055555555555556,22.0,50.0,35.7,17.9,6.6,15.1,43.6,1.2,3.4,33.9,3.6,4.4,81.9,0.7,3.5,4.2,4.1,2.8,1.7,0.3,2.6,32.1,3.0,0.0,-4.2
14-15,Kyle Lowry,TOR,29.0,70.0,0.6142857142857143,43.0,27.0,34.5,17.8,6.1,14.9,41.2,1.9,5.6,33.8,3.6,4.5,80.8,0.8,3.9,4.7,6.8,2.5,1.6,0.2,3.0,36.3,13.0,2.0,2.9
14-15,Derrick Rose,CHI,26.0,51.0,0.6470588235294118,33.0,18.0,30.0,17.7,6.6,16.4,40.5,1.5,5.3,28.0,3.0,3.7,81.3,0.7,2.5,3.2,4.9,3.2,0.7,0.3,1.2,28.8,4.0,0.0,2.4
14-15,John Wall,WAS,24.0,79.0,0.569620253164557,45.0,34.0,35.9,17.6,6.6,14.8,44.5,0.8,2.7,30.0,3.6,4.6,78.5,0.5,4.2,4.6,10.0,3.8,1.7,0.6,2.3,41.3,40.0,0.0,3.5
14-15,Marc Gasol,MEM,30.0,81.0,0.6790123456790124,55.0,26.0,33.2,17.4,6.5,13.2,49.4,0.0,0.2,17.6,4.3,5.4,79.5,1.4,6.4,7.8,3.8,2.2,0.9,1.6,2.6,37.7,20.0,0.0,2.8
14-15,Kemba Walker,CHA,25.0,62.0,0.3387096774193548,21.0,41.0,34.2,17.3,6.1,15.8,38.5,1.4,4.5,30.4,3.8,4.6,82.7,0.6,3.0,3.5,5.1,1.6,1.4,0.5,1.5,33.5,4.0,0.0,-3.0
14-15,Dirk Nowitzki,DAL,37.0,77.0,0.6103896103896104,47.0,30.0,29.6,17.3,6.3,13.8,45.9,1.4,3.6,38.0,3.3,3.8,88.2,0.6,5.4,5.9,1.9,1.1,0.5,0.4,2.1,29.0,6.0,0.0,3.1
14-15,Brook Lopez,BKN,27.0,72.0,0.4722222222222222,34.0,38.0,29.2,17.2,7.0,13.7,51.3,0.0,0.1,10.0,3.1,3.8,81.4,3.0,4.5,7.4,0.7,1.4,0.6,1.8,2.9,32.7,17.0,0.0,-1.4
14-15,Tobias Harris,ORL,22.0,68.0,0.29411764705882354,20.0,48.0,34.8,17.1,6.5,14.0,46.6,1.3,3.5,36.4,2.8,3.6,78.8,1.1,5.3,6.3,1.8,1.7,1.0,0.5,2.0,30.4,11.0,0.0,-4.3
14-15,Eric Bledsoe,PHX,25.0,81.0,0.48148148148148145,39.0,42.0,34.6,17.0,5.8,12.9,44.7,1.1,3.4,32.4,4.4,5.4,80.0,0.9,4.3,5.2,6.1,3.4,1.6,0.6,2.3,35.4,13.0,2.0,0.4
14-15,Brandon Knight,PHX,23.0,63.0,0.5238095238095238,33.0,30.0,32.3,17.0,6.0,14.1,42.2,2.0,5.1,38.9,3.1,3.5,87.4,0.4,3.4,3.9,5.2,3.0,1.4,0.2,1.8,31.3,2.0,0.0,-1.2
14-15,Andrew Wiggins,MIN,20.0,82.0,0.1951219512195122,16.0,66.0,36.2,16.9,6.1,13.9,43.7,0.5,1.5,31.0,4.3,5.7,76.0,1.6,2.9,4.6,2.1,2.2,1.0,0.6,2.3,28.3,2.0,0.0,-6.7
14-15,Tony Wroten,PHI,22.0,30.0,0.13333333333333333,4.0,26.0,29.8,16.9,5.8,14.5,40.3,1.2,4.7,26.1,4.0,6.0,66.7,0.7,2.1,2.9,5.2,3.8,1.6,0.3,2.4,30.0,2.0,0.0,-7.8
14-15,Paul Millsap,ATL,30.0,73.0,0.7534246575342466,55.0,18.0,32.7,16.7,6.1,12.7,47.6,1.1,3.0,35.6,3.5,4.6,75.7,1.9,5.9,7.8,3.1,2.3,1.8,0.9,2.8,36.5,15.0,0.0,5.6
14-15,Al Jefferson,CHA,30.0,65.0,0.38461538461538464,25.0,40.0,30.6,16.6,7.5,15.5,48.1,0.0,0.1,40.0,1.7,2.5,65.5,1.5,6.9,8.4,1.7,1.0,0.7,1.3,2.1,34.4,22.0,0.0,-1.8
14-15,Tyreke Evans,NOP,25.0,79.0,0.5443037974683544,43.0,36.0,34.0,16.6,6.6,14.7,44.7,0.9,2.9,30.4,2.6,3.7,69.4,1.0,4.2,5.3,6.6,3.1,1.3,0.5,2.5,34.9,18.0,1.0,2.1
14-15,Kawhi Leonard,SAS,24.0,64.0,0.71875,46.0,18.0,31.8,16.5,6.2,12.8,47.9,1.0,3.0,34.9,3.2,3.9,80.2,1.3,5.9,7.2,2.5,1.5,2.3,0.8,2.0,36.6,14.0,0.0,6.9
14-15,Isaiah Thomas,BOS,26.0,67.0,0.5970149253731343,40.0,27.0,25.8,16.4,5.0,11.9,42.1,1.9,5.2,37.3,4.5,5.2,86.8,0.5,1.8,2.3,4.2,2.1,0.9,0.1,2.2,26.2,0.0,0.0,2.6
14-15,Kevin Love,CLE,26.0,75.0,0.6666666666666666,50.0,25.0,33.8,16.4,5.5,12.7,43.4,1.9,5.2,36.7,3.4,4.3,80.4,1.9,7.9,9.7,2.2,1.6,0.7,0.5,1.9,33.4,38.0,0.0,5.3
14-15,JJ Redick,LAC,31.0,78.0,0.7051282051282052,55.0,23.0,30.9,16.4,5.7,12.0,47.7,2.6,5.9,43.7,2.3,2.6,90.1,0.3,1.9,2.1,1.8,1.2,0.5,0.1,1.7,22.2,0.0,0.0,8.0
14-15,Goran Dragic,MIA,29.0,78.0,0.5256410256410257,41.0,37.0,33.8,16.3,6.4,12.8,50.1,1.2,3.3,34.7,2.3,3.0,77.4,1.0,2.5,3.5,4.5,2.2,1.0,0.2,2.5,28.7,4.0,0.0,0.3
14-15,Darren Collison,SAC,27.0,45.0,0.35555555555555557,16.0,29.0,34.8,16.1,5.8,12.2,47.3,1.3,3.6,37.3,3.2,4.1,78.8,0.4,2.8,3.2,5.6,2.5,1.5,0.3,2.1,31.2,3.0,0.0,0.8
14-15,Zach Randolph,MEM,33.0,71.0,0.7183098591549296,51.0,20.0,32.4,16.1,6.4,13.1,48.7,0.1,0.3,35.0,3.2,4.2,76.5,3.2,7.4,10.5,2.2,2.2,1.0,0.2,2.5,33.3,38.0,0.0,4.9
14-15,George Hill,IND,29.0,43.0,0.6046511627906976,26.0,17.0,29.5,16.1,5.9,12.4,47.7,1.6,4.5,35.8,2.6,3.3,79.0,0.6,3.6,4.2,5.1,1.6,1.0,0.3,2.6,31.2,2.0,1.0,3.7
14-15,Derrick Favors,UTA,23.0,74.0,0.44594594594594594,33.0,41.0,30.8,16.0,6.5,12.4,52.5,0.0,0.1,16.7,3.0,4.5,66.9,2.6,5.6,8.2,1.5,1.6,0.8,1.7,2.8,33.9,23.0,0.0,0.8
14-15,Wesley Matthews,POR,28.0,60.0,0.6833333333333333,41.0,19.0,33.7,15.9,5.6,12.5,44.8,2.9,7.4,38.9,1.8,2.4,75.2,0.6,3.1,3.7,2.3,1.4,1.3,0.2,2.2,26.8,0.0,0.0,4.5
14-15,Jeff Teague,ATL,27.0,73.0,0.726027397260274,53.0,20.0,30.5,15.9,5.6,12.2,46.0,1.0,2.8,34.3,3.8,4.4,86.2,0.4,2.1,2.5,7.0,2.8,1.7,0.4,1.9,33.1,10.0,0.0,5.3
14-15,Greg Monroe,DET,25.0,69.0,0.36231884057971014,25.0,44.0,31.0,15.9,6.1,12.4,49.6,0.0,0.0,0.0,3.7,4.9,75.0,3.3,6.9,10.2,2.1,2.2,1.1,0.5,2.1,34.0,35.0,0.0,-0.3
14-15,Mike Conley,MEM,27.0,70.0,0.6714285714285714,47.0,23.0,31.8,15.8,5.6,12.6,44.6,1.5,4.0,38.6,3.1,3.6,85.9,0.4,2.6,3.0,5.4,2.2,1.3,0.2,2.0,29.6,6.0,0.0,3.1
14-15,Jamal Crawford,LAC,35.0,64.0,0.6875,44.0,20.0,26.6,15.8,5.2,13.1,39.6,1.9,5.7,32.7,3.5,3.9,90.1,0.3,1.7,1.9,2.5,1.4,0.9,0.2,1.7,23.8,0.0,0.0,1.3
14-15,Dwight Howard,HOU,29.0,41.0,0.7073170731707317,29.0,12.0,29.8,15.8,6.1,10.3,59.3,0.0,0.0,50.0,3.5,6.6,52.8,2.7,7.8,10.5,1.2,2.8,0.7,1.3,3.3,33.3,23.0,0.0,5.3
14-15,Chandler Parsons,DAL,26.0,66.0,0.6212121212121212,41.0,25.0,33.1,15.7,5.8,12.6,46.2,2.0,5.3,38.0,2.1,2.9,72.0,1.0,3.9,4.9,2.4,1.5,1.0,0.3,2.1,27.8,3.0,0.0,3.1
14-15,Lou Williams,TOR,28.0,80.0,0.6,48.0,32.0,25.2,15.5,4.7,11.6,40.4,1.9,5.6,34.0,4.3,4.9,86.1,0.3,1.6,1.9,2.1,1.3,1.1,0.1,1.3,23.3,0.0,0.0,3.7
14-15,Enes Kanter,OKC,23.0,75.0,0.4266666666666667,32.0,43.0,28.5,15.5,6.4,12.4,51.9,0.2,0.6,35.6,2.4,3.1,78.2,3.7,5.3,8.9,0.7,1.9,0.5,0.4,2.5,28.0,31.0,0.0,-0.5
14-15,Brandon Jennings,DET,25.0,41.0,0.4146341463414634,17.0,24.0,28.6,15.4,5.3,13.2,40.1,1.9,5.1,36.0,2.9,3.5,83.9,0.5,2.0,2.5,6.6,2.2,1.1,0.1,1.6,29.7,5.0,0.0,0.8
14-15,Markieff Morris,PHX,25.0,82.0,0.47560975609756095,39.0,43.0,31.5,15.3,6.2,13.4,46.5,0.7,2.2,31.8,2.2,2.8,76.3,1.3,4.8,6.2,2.3,2.1,1.2,0.5,3.0,29.3,12.0,0.0,1.3
14-15,Bradley Beal,WAS,22.0,63.0,0.5873015873015873,37.0,26.0,33.5,15.3,5.8,13.5,42.7,1.7,4.1,40.9,2.1,2.6,78.3,0.9,2.9,3.8,3.1,2.0,1.2,0.3,2.2,27.0,2.0,0.0,3.0
14-15,Ty Lawson,DEN,27.0,75.0,0.38666666666666666,29.0,46.0,35.5,15.2,5.4,12.3,43.6,0.9,2.7,34.1,3.5,4.8,73.0,0.6,2.6,3.1,9.6,2.5,1.2,0.1,1.7,35.0,28.0,0.0,-0.4
14-15,Al Horford,ATL,29.0,76.0,0.7368421052631579,56.0,20.0,30.5,15.2,6.8,12.7,53.8,0.1,0.5,30.6,1.4,1.9,75.9,1.7,5.4,7.2,3.2,1.3,0.9,1.3,1.6,33.9,14.0,1.0,3.8
14-15,Jeff Green,MEM,28.0,78.0,0.5256410256410257,41.0,37.0,31.5,15.0,5.3,12.4,43.0,1.2,3.7,33.2,3.1,3.7,83.3,0.8,3.4,4.2,1.7,1.4,0.7,0.4,1.9,24.6,1.0,0.0,-1.7
14-15,Andrea Bargnani,NYK,29.0,29.0,0.1724137931034483,5.0,24.0,27.1,14.8,5.7,12.4,45.4,0.5,1.4,36.6,3.0,3.7,81.3,1.1,3.3,4.4,1.6,1.4,0.1,0.9,1.8,24.0,2.0,0.0,-9.3
14-15,Jrue Holiday,NOP,25.0,40.0,0.5,20.0,20.0,32.6,14.8,6.0,13.4,44.6,1.3,3.4,37.8,1.6,1.9,85.5,0.8,2.6,3.4,6.9,2.3,1.6,0.6,2.8,33.3,5.0,0.0,2.5
14-15,Michael Carter-Williams,MIL,23.0,66.0,0.3181818181818182,21.0,45.0,32.6,14.6,5.5,13.9,39.6,0.5,2.3,23.5,3.1,4.4,69.4,1.0,4.4,5.3,6.7,3.8,1.7,0.5,2.5,33.7,11.0,3.0,-2.5
14-15,Reggie Jackson,DET,25.0,77.0,0.4805194805194805,37.0,40.0,29.5,14.5,5.6,12.9,43.4,0.9,3.1,29.9,2.4,2.8,83.0,0.7,3.5,4.2,6.0,2.4,0.8,0.1,2.2,29.0,15.0,2.0,1.5
14-15,Joe Johnson,BKN,34.0,80.0,0.475,38.0,42.0,34.9,14.4,5.6,12.8,43.5,1.5,4.2,35.9,1.8,2.2,80.1,0.7,4.1,4.8,3.7,1.7,0.7,0.2,1.5,26.7,3.0,0.0,-1.5
14-15,Tony Parker,SAS,33.0,68.0,0.7058823529411765,48.0,20.0,28.7,14.4,5.9,12.2,48.6,0.6,1.3,42.7,1.9,2.4,78.3,0.2,1.7,1.9,4.9,2.1,0.6,0.0,1.6,23.9,1.0,0.0,2.9
14-15,Serge Ibaka,OKC,25.0,64.0,0.546875,35.0,29.0,33.1,14.3,5.8,12.3,47.6,1.2,3.2,37.6,1.4,1.7,83.6,2.1,5.7,7.8,0.9,1.5,0.5,2.4,3.0,32.1,17.0,0.0,2.5
14-15,Mo Williams,CHA,32.0,68.0,0.29411764705882354,20.0,48.0,29.1,14.2,5.0,12.6,39.7,1.8,5.1,34.2,2.4,2.8,87.2,0.3,2.2,2.6,6.2,2.5,0.7,0.2,2.4,26.7,13.0,0.0,-1.5
14-15,Thaddeus Young,BKN,27.0,76.0,0.32894736842105265,25.0,51.0,32.0,14.1,5.9,12.7,46.6,0.5,1.5,33.0,1.7,2.6,65.5,1.7,3.7,5.4,2.3,1.5,1.6,0.3,2.3,28.3,3.0,0.0,-2.8
14-15,Luol Deng,MIA,30.0,72.0,0.4583333333333333,33.0,39.0,33.6,14.0,5.1,10.9,46.9,1.1,3.1,35.5,2.7,3.5,76.1,1.4,3.8,5.2,1.9,1.5,0.9,0.3,1.5,25.3,5.0,0.0,-0.1
14-15,Wilson Chandler,DEN,28.0,78.0,0.358974358974359,28.0,50.0,31.7,13.9,5.4,12.5,42.9,1.8,5.2,34.2,1.4,1.8,77.5,1.2,4.9,6.1,1.7,1.4,0.7,0.4,3.0,25.7,8.0,0.0,-2.8
14-15,Avery Bradley,BOS,24.0,77.0,0.4805194805194805,37.0,40.0,31.5,13.9,5.6,13.2,42.8,1.6,4.6,35.2,1.0,1.3,79.0,0.6,2.5,3.1,1.8,1.4,1.1,0.2,2.3,22.7,1.0,0.0,-1.1
14-15,Tim Duncan,SAS,39.0,77.0,0.6883116883116883,53.0,24.0,28.9,13.9,5.4,10.6,51.2,0.0,0.1,28.6,3.0,4.0,74.0,2.2,6.9,9.1,3.0,1.7,0.8,2.0,2.1,36.0,33.0,1.0,4.0
14-15,Alec Burks,UTA,23.0,27.0,0.3333333333333333,9.0,18.0,33.3,13.9,4.5,11.1,40.3,1.0,2.5,38.2,3.9,4.8,82.2,0.7,3.5,4.2,3.0,1.9,0.6,0.2,2.4,24.0,2.0,0.0,-4.8
14-15,Andre Drummond,DET,21.0,82.0,0.3902439024390244,32.0,50.0,30.5,13.8,6.0,11.7,51.4,0.0,0.0,0.0,1.7,4.5,38.9,5.3,8.1,13.5,0.7,1.5,0.9,1.9,3.5,37.7,48.0,0.0,-0.7
14-15,Ryan Anderson,NOP,27.0,61.0,0.5409836065573771,33.0,28.0,27.5,13.7,4.8,12.0,39.9,2.0,5.9,34.0,2.1,2.5,85.4,1.8,3.1,4.8,0.9,1.0,0.5,0.3,1.9,22.4,3.0,0.0,-0.3
14-15,Shabazz Muhammad,MIN,22.0,38.0,0.15789473684210525,6.0,32.0,22.8,13.5,5.1,10.4,48.9,0.5,1.3,39.2,2.7,3.8,71.7,1.7,2.4,4.1,1.2,0.9,0.5,0.2,1.3,21.1,1.0,0.0,-4.2
14-15,Robert Covington,PHI,24.0,70.0,0.2571428571428571,18.0,52.0,27.9,13.5,4.3,10.8,39.6,2.4,6.4,37.4,2.5,3.1,82.0,0.9,3.6,4.5,1.5,1.8,1.4,0.4,2.7,24.8,1.0,0.0,-2.1
14-15,CJ Miles,IND,28.0,70.0,0.44285714285714284,31.0,39.0,26.3,13.5,4.7,11.8,39.8,2.2,6.4,34.5,1.9,2.3,80.7,0.3,2.8,3.1,1.1,1.0,0.9,0.4,1.9,21.4,1.0,0.0,2.3
14-15,Eric Gordon,NOP,26.0,61.0,0.5737704918032787,35.0,26.0,33.1,13.4,4.7,11.4,41.1,2.3,5.2,44.8,1.8,2.2,80.5,0.5,2.1,2.6,3.8,2.0,0.8,0.2,2.4,23.3,1.0,0.0,1.1
14-15,Nick Young,LAL,30.0,42.0,0.2857142857142857,12.0,30.0,23.8,13.4,4.1,11.3,36.6,2.0,5.4,36.9,3.1,3.5,89.2,0.4,1.9,2.3,1.0,1.0,0.5,0.3,2.0,19.0,0.0,0.0,-1.6
14-15,Khris Middleton,MIL,23.0,79.0,0.5063291139240507,40.0,39.0,30.1,13.4,5.1,11.0,46.7,1.4,3.4,40.7,1.7,2.0,85.9,0.6,3.8,4.4,2.3,1.4,1.5,0.1,2.3,25.7,1.0,0.0,4.1
14-15,Jared Sullinger,BOS,23.0,58.0,0.4482758620689655,26.0,32.0,27.0,13.3,5.4,12.2,43.9,0.9,3.2,28.3,1.7,2.2,74.4,2.5,5.1,7.6,2.3,1.3,0.8,0.7,2.6,29.0,12.0,0.0,-0.4
14-15,Arron Afflalo,POR,29.0,78.0,0.44871794871794873,35.0,43.0,32.1,13.3,4.8,11.3,42.4,1.5,4.3,35.4,2.1,2.5,84.3,0.3,2.8,3.2,1.7,1.5,0.5,0.1,2.1,19.9,0.0,0.0,-0.3
14-15,Deron Williams,BKN,31.0,68.0,0.5,34.0,34.0,31.1,13.0,4.4,11.3,38.7,1.3,3.5,36.7,3.0,3.5,83.4,0.4,3.1,3.5,6.6,2.3,0.9,0.3,2.3,28.4,11.0,0.0,-0.2
14-15,Trey Burke,UTA,22.0,76.0,0.4605263157894737,35.0,41.0,30.1,12.8,4.9,13.2,36.8,1.6,5.1,31.8,1.4,1.9,75.2,0.4,2.3,2.7,4.3,1.6,0.9,0.2,1.6,24.0,3.0,0.0,-0.6
14-15,Trevor Ariza,HOU,29.0,82.0,0.6829268292682927,56.0,26.0,35.7,12.8,4.5,11.1,40.2,2.4,6.8,35.0,1.5,1.7,85.3,0.9,4.7,5.6,2.5,1.7,1.9,0.2,2.3,27.8,3.0,0.0,2.8
14-15,Kentavious Caldwell-Pope,DET,22.0,82.0,0.3902439024390244,32.0,50.0,31.5,12.7,4.8,11.9,40.1,1.9,5.4,34.5,1.3,1.9,69.6,0.6,2.5,3.1,1.3,1.1,1.1,0.2,2.0,21.4,0.0,0.0,0.9
14-15,Giannis Antetokounmpo,MIL,20.0,81.0,0.5061728395061729,41.0,40.0,31.4,12.7,4.7,9.6,49.1,0.1,0.5,15.9,3.2,4.3,74.1,1.2,5.5,6.7,2.6,2.1,0.9,1.0,3.1,28.3,10.0,0.0,0.1
14-15,Rodney Stuckey,IND,29.0,71.0,0.4788732394366197,34.0,37.0,26.4,12.6,4.7,10.6,44.0,0.8,2.0,39.0,2.5,3.0,81.9,0.5,3.0,3.5,3.1,1.7,0.8,0.1,1.8,22.6,2.0,0.0,-0.3
14-15,DeMarre Carroll,ATL,28.0,70.0,0.7571428571428571,53.0,17.0,31.3,12.6,4.5,9.3,48.7,1.7,4.3,39.5,1.8,2.6,70.2,1.4,3.9,5.3,1.7,1.1,1.3,0.2,2.2,25.2,3.0,0.0,3.0
14-15,Kenneth Faried,DEN,25.0,75.0,0.4,30.0,45.0,27.8,12.6,5.0,9.8,50.7,0.0,0.1,12.5,2.7,3.8,69.1,3.2,5.7,8.9,1.2,1.6,0.8,0.8,2.8,28.3,26.0,0.0,-0.5
14-15,Nikola Pekovic,MIN,29.0,31.0,0.2903225806451613,9.0,22.0,26.3,12.5,4.5,10.6,42.4,0.0,0.0,0.0,3.5,4.2,83.7,2.9,4.7,7.5,0.9,1.4,0.6,0.4,1.9,24.5,11.0,0.0,-1.8
14-15,Danilo Gallinari,DEN,26.0,59.0,0.3898305084745763,23.0,36.0,24.2,12.4,3.9,9.6,40.1,1.8,5.1,35.5,2.9,3.2,89.5,0.5,3.2,3.7,1.4,1.0,0.8,0.3,1.6,21.4,0.0,0.0,0.3
14-15,Josh Smith,HOU,29.0,83.0,0.4939759036144578,41.0,42.0,27.7,12.4,5.0,11.9,41.9,0.9,2.7,31.6,1.5,3.1,49.8,1.8,4.6,6.4,3.3,2.5,1.0,1.4,2.7,29.9,15.0,0.0,0.2
14-15,Jabari Parker,MIL,20.0,25.0,0.52,13.0,12.0,29.5,12.3,5.2,10.5,49.0,0.2,0.6,25.0,1.8,2.6,69.7,2.0,3.5,5.5,1.7,1.9,1.2,0.2,1.7,23.9,2.0,0.0,-4.6
14-15,Marcin Gortat,WAS,31.0,82.0,0.5609756097560976,46.0,36.0,29.9,12.2,5.4,9.5,56.6,0.0,0.0,0.0,1.5,2.1,70.3,2.2,6.5,8.7,1.2,1.2,0.6,1.3,2.3,29.1,22.0,0.0,3.1
14-15,Kyle Korver,ATL,34.0,75.0,0.7733333333333333,58.0,17.0,32.2,12.1,3.9,8.0,48.7,2.9,6.0,49.2,1.4,1.6,89.8,0.2,3.9,4.1,2.6,1.4,0.7,0.6,1.9,23.3,1.0,0.0,8.3
14-15,Ben McLemore,SAC,22.0,82.0,0.35365853658536583,29.0,53.0,32.6,12.1,4.4,10.1,43.7,1.7,4.8,35.8,1.6,2.0,81.3,0.4,2.6,2.9,1.7,1.7,0.9,0.2,2.7,20.1,0.0,0.0,-0.4
14-15,Gerald Henderson,CHA,27.0,80.0,0.4,32.0,48.0,28.9,12.1,4.6,10.6,43.7,0.6,1.7,33.1,2.3,2.7,84.8,0.5,3.0,3.4,2.6,1.4,0.6,0.3,1.7,21.4,2.0,0.0,-0.4
14-15,JR Smith,CLE,29.0,70.0,0.5428571428571428,38.0,32.0,29.7,12.1,4.5,10.8,41.7,2.3,6.1,38.3,0.8,1.0,75.0,0.4,2.7,3.1,2.8,1.4,1.2,0.3,2.3,23.1,0.0,0.0,2.3
14-15,Donatas Motiejunas,HOU,24.0,71.0,0.676056338028169,48.0,23.0,28.7,12.0,5.0,9.9,50.4,0.7,1.9,36.8,1.4,2.3,60.2,1.9,4.0,5.9,1.8,1.7,0.8,0.5,2.9,24.0,7.0,0.0,1.4
14-15,Jonas Valanciunas,TOR,23.0,80.0,0.5875,47.0,33.0,26.2,12.0,4.7,8.2,57.2,0.0,0.0,0.0,2.7,3.5,78.6,2.7,6.0,8.7,0.5,1.4,0.4,1.2,2.8,26.6,22.0,0.0,-0.3
14-15,Evan Fournier,ORL,22.0,58.0,0.3275862068965517,19.0,39.0,28.6,12.0,4.4,9.9,44.0,1.5,3.9,37.8,1.8,2.5,72.8,0.5,2.2,2.6,2.1,1.4,0.7,0.0,2.0,19.1,0.0,0.0,-2.5
14-15,Jordan Hill,LAL,27.0,70.0,0.2714285714285714,19.0,51.0,26.8,12.0,5.1,11.1,45.9,0.0,0.2,27.3,1.8,2.4,73.8,2.5,5.5,7.9,1.5,1.5,0.5,0.7,2.3,25.9,22.0,0.0,-5.7
14-15,Jarrett Jack,BKN,31.0,80.0,0.45,36.0,44.0,28.0,12.0,4.5,10.2,43.9,0.5,1.8,26.7,2.5,2.8,88.1,0.2,2.8,3.1,4.7,2.4,0.9,0.2,1.8,23.5,5.0,0.0,-3.9
14-15,Jabari Brown,LAL,22.0,19.0,0.21052631578947367,4.0,15.0,29.9,11.9,3.7,8.9,41.2,1.2,3.3,37.1,3.4,4.5,75.3,0.2,1.7,1.9,2.1,1.7,0.6,0.1,1.7,17.9,0.0,0.0,-6.7
14-15,Gerald Green,PHX,29.0,74.0,0.4594594594594595,34.0,40.0,19.5,11.9,4.4,10.5,41.6,1.9,5.2,35.4,1.3,1.6,82.5,0.4,2.1,2.5,1.2,1.4,0.6,0.2,2.0,17.6,0.0,0.0,0.0
14-15,Jordan Clarkson,LAL,23.0,59.0,0.1864406779661017,11.0,48.0,25.0,11.9,4.5,10.1,44.8,0.6,2.1,31.4,2.2,2.7,82.9,0.9,2.3,3.2,3.5,1.6,0.9,0.2,1.8,22.6,2.0,0.0,-4.1
14-15,Paul Pierce,WAS,37.0,73.0,0.547945205479452,40.0,33.0,26.2,11.9,4.0,9.0,44.7,1.6,4.2,38.9,2.2,2.9,78.1,0.6,3.4,4.0,2.0,1.3,0.6,0.3,2.2,21.3,2.0,0.0,2.2
14-15,Langston Galloway,NYK,23.0,45.0,0.26666666666666666,12.0,33.0,32.4,11.8,4.5,11.4,39.9,1.4,3.9,35.2,1.4,1.7,80.8,0.8,3.4,4.2,3.3,1.4,1.2,0.3,2.9,24.8,0.0,0.0,-6.0
14-15,Carlos Boozer,LAL,33.0,71.0,0.2535211267605634,18.0,53.0,23.8,11.8,5.2,10.5,49.9,0.0,0.0,0.0,1.3,2.1,62.7,1.6,5.2,6.8,1.3,1.3,0.6,0.2,2.6,22.9,10.0,0.0,-4.5
14-15,Dion Waiters,OKC,23.0,80.0,0.575,46.0,34.0,27.6,11.8,4.7,11.8,39.6,0.9,3.1,29.7,1.5,2.2,68.0,0.5,1.9,2.4,2.0,1.4,1.1,0.3,1.9,20.4,1.0,0.0,0.7
14-15,Hassan Whiteside,MIA,26.0,48.0,0.375,18.0,30.0,23.8,11.8,5.1,8.1,62.8,0.0,0.0,0.0,1.6,3.3,50.0,3.0,7.0,10.0,0.1,1.2,0.6,2.6,2.7,32.2,22.0,1.0,-1.2
14-15,Terrence Jones,HOU,23.0,33.0,0.7272727272727273,24.0,9.0,27.0,11.7,4.8,9.1,52.8,0.4,1.1,35.1,1.7,2.8,60.6,2.4,4.3,6.7,1.1,1.1,0.5,1.8,2.4,27.2,8.0,0.0,2.4
14-15,Danny Green,SAS,28.0,81.0,0.6790123456790124,55.0,26.0,28.5,11.7,4.0,9.1,43.6,2.4,5.6,41.8,1.4,1.6,87.4,0.7,3.6,4.2,2.0,1.1,1.2,1.1,2.0,25.5,2.0,0.0,5.3
14-15,Draymond Green,GSW,25.0,79.0,0.810126582278481,64.0,15.0,31.5,11.7,4.3,9.7,44.3,1.4,4.2,33.7,1.7,2.5,66.0,1.4,6.7,8.2,3.7,1.7,1.6,1.3,3.2,33.8,18.0,1.0,10.6
14-15,David West,IND,34.0,66.0,0.48484848484848486,32.0,34.0,28.7,11.7,4.9,10.4,47.1,0.1,0.3,20.0,1.8,2.4,73.9,1.6,5.2,6.8,3.4,1.8,0.7,0.7,2.4,27.4,7.0,0.0,-0.3
14-15,Aaron Brooks,CHI,30.0,82.0,0.6097560975609756,50.0,32.0,23.0,11.6,4.2,10.0,42.1,1.5,3.8,38.7,1.8,2.1,83.3,0.4,1.6,2.0,3.2,1.9,0.7,0.2,2.3,19.4,1.0,0.0,2.5
14-15,DeAndre Jordan,LAC,26.0,82.0,0.6829268292682927,56.0,26.0,34.4,11.5,4.6,6.5,71.0,0.0,0.0,25.0,2.3,5.7,39.7,4.8,10.1,15.0,0.7,1.3,1.0,2.2,3.0,38.9,47.0,0.0,7.6
14-15,Ersan Ilyasova,MIL,28.0,58.0,0.4482758620689655,26.0,32.0,22.7,11.5,4.5,9.6,47.2,1.3,3.3,38.9,1.2,1.8,64.5,1.4,3.4,4.8,1.0,0.8,0.6,0.3,2.6,20.8,6.0,0.0,0.4
14-15,Amar'e Stoudemire,DAL,32.0,59.0,0.3220338983050847,19.0,40.0,21.1,11.5,4.6,8.3,55.7,0.0,0.1,0.0,2.3,3.2,72.0,1.9,3.7,5.6,0.8,1.3,0.5,0.6,2.7,21.4,4.0,0.0,-0.9
14-15,Tim Hardaway Jr.,NYK,23.0,70.0,0.22857142857142856,16.0,54.0,24.0,11.5,4.0,10.2,38.9,1.7,5.1,34.2,1.8,2.2,80.1,0.2,2.1,2.2,1.8,1.2,0.3,0.2,1.7,17.2,0.0,0.0,-5.0
14-15,Corey Brewer,HOU,29.0,80.0,0.525,42.0,38.0,26.1,11.5,4.3,10.1,42.6,0.8,2.9,26.8,2.1,2.8,74.3,1.0,2.7,3.7,2.2,1.6,1.4,0.2,2.2,22.5,3.0,0.0,-0.4
14-15,O.J. Mayo,MIL,27.0,71.0,0.5492957746478874,39.0,32.0,23.9,11.4,4.2,9.9,42.2,1.4,3.9,35.7,1.6,2.0,82.7,0.4,2.2,2.6,2.8,1.8,0.8,0.3,2.3,20.0,0.0,0.0,-0.9
14-15,Jeremy Lin,LAL,26.0,74.0,0.25675675675675674,19.0,55.0,25.8,11.2,3.7,8.8,42.4,0.9,2.4,36.9,2.9,3.6,79.5,0.4,2.3,2.6,4.6,2.2,1.1,0.4,2.6,23.7,3.0,0.0,-3.4
14-15,Jodie Meeks,DET,27.0,60.0,0.48333333333333334,29.0,31.0,24.4,11.1,3.7,8.9,41.6,1.2,3.5,34.9,2.4,2.7,90.6,0.2,1.5,1.7,1.3,1.0,1.0,0.1,1.3,17.4,0.0,0.0,-1.6
14-15,Nene,WAS,32.0,67.0,0.5522388059701493,37.0,30.0,25.3,11.0,4.6,9.0,51.1,0.0,0.1,20.0,1.8,3.0,60.4,1.3,3.9,5.1,1.8,1.9,1.0,0.3,2.7,22.0,2.0,0.0,2.5
14-15,Vander Blue,LAL,22.0,2.0,0.0,0.0,2.0,36.9,11.0,4.5,15.0,30.0,1.0,5.0,20.0,1.0,2.5,40.0,1.0,3.5,4.5,4.0,3.0,1.5,0.0,2.0,23.9,0.0,0.0,-19.0
14-15,Michael Kidd-Gilchrist,CHA,21.0,55.0,0.4909090909090909,27.0,28.0,28.9,10.9,4.1,8.8,46.5,0.0,0.0,0.0,2.7,3.9,70.1,2.0,5.6,7.6,1.4,1.1,0.5,0.7,2.1,24.6,12.0,0.0,1.3
14-15,Anthony Morrow,OKC,29.0,74.0,0.5675675675675675,42.0,32.0,24.4,10.7,3.9,8.3,46.3,1.9,4.4,43.4,1.1,1.2,88.8,0.5,2.1,2.6,0.8,0.5,0.7,0.1,1.8,17.2,2.0,0.0,3.0
14-15,Brandon Bass,BOS,30.0,82.0,0.4878048780487805,40.0,42.0,23.5,10.6,4.2,8.3,50.4,0.1,0.4,28.1,2.1,2.6,79.0,1.7,3.2,4.9,1.3,1.0,0.5,0.4,1.7,19.9,5.0,0.0,-2.2
14-15,Roy Hibbert,IND,28.0,76.0,0.4473684210526316,34.0,42.0,25.3,10.6,4.2,9.3,44.6,0.0,0.0,0.0,2.2,2.7,82.4,2.1,5.1,7.1,1.1,1.4,0.2,1.6,2.8,25.0,18.0,0.0,-0.8
14-15,Manu Ginobili,SAS,37.0,70.0,0.6714285714285714,47.0,23.0,22.7,10.5,3.6,8.4,42.6,1.3,3.7,34.5,2.1,2.9,72.1,0.4,2.6,3.0,4.2,2.2,1.0,0.3,2.0,22.0,3.0,0.0,4.5
14-15,Marcus Morris,PHX,25.0,81.0,0.48148148148148145,39.0,42.0,25.2,10.4,4.1,9.4,43.4,1.4,3.9,35.8,0.9,1.4,62.8,0.9,3.9,4.8,1.6,0.9,0.8,0.2,2.3,20.6,5.0,0.0,-0.8
14-15,Marreese Speights,GSW,27.0,76.0,0.8157894736842105,62.0,14.0,15.9,10.4,4.2,8.5,49.2,0.1,0.2,27.8,2.0,2.3,84.3,1.4,2.8,4.3,0.9,1.1,0.3,0.4,2.5,18.0,1.0,0.0,2.4
14-15,Alexey Shved,NYK,26.0,42.0,0.23809523809523808,10.0,32.0,18.3,10.3,3.2,8.0,39.7,1.1,3.3,33.8,2.9,3.6,80.7,0.5,1.8,2.4,2.5,1.1,0.7,0.1,1.1,18.4,2.0,0.0,-3.1
14-15,Taj Gibson,CHI,30.0,62.0,0.6129032258064516,38.0,24.0,27.3,10.3,4.1,8.2,50.2,0.0,0.0,0.0,2.1,3.0,71.7,2.6,3.8,6.4,1.1,1.2,0.6,1.2,2.6,23.8,8.0,0.0,0.6
14-15,Tyson Chandler,DAL,32.0,75.0,0.6266666666666667,47.0,28.0,30.5,10.3,3.9,5.9,66.6,0.0,0.0,0.0,2.5,3.4,72.0,3.9,7.6,11.5,1.1,1.4,0.6,1.2,2.3,29.7,31.0,0.0,3.1
14-15,Ricky Rubio,MIN,24.0,22.0,0.3181818181818182,7.0,15.0,31.5,10.3,3.5,10.0,35.6,0.6,2.3,25.5,2.6,3.2,80.3,0.9,4.8,5.7,8.8,2.9,1.7,0.0,2.7,32.7,7.0,1.0,-0.5
14-15,Kelly Olynyk,BOS,24.0,64.0,0.484375,31.0,33.0,22.2,10.3,3.9,8.3,47.5,1.0,2.7,34.9,1.5,2.1,68.4,1.4,3.3,4.7,1.7,1.5,1.0,0.6,3.3,21.8,3.0,0.0,3.6
14-15,Mario Chalmers,MIA,29.0,80.0,0.45,36.0,44.0,29.6,10.2,3.3,8.3,40.3,0.9,3.1,29.4,2.6,3.3,77.4,0.3,2.3,2.6,3.8,2.2,1.5,0.1,3.1,21.8,4.0,0.0,-1.8
14-15,Nikola Mirotic,CHI,24.0,82.0,0.6097560975609756,50.0,32.0,20.2,10.2,3.1,7.6,40.5,1.2,3.8,31.6,2.8,3.5,80.3,0.8,4.2,4.9,1.2,1.1,0.7,0.7,2.1,20.7,8.0,0.0,2.1
14-15,Tyler Zeller,BOS,25.0,82.0,0.4878048780487805,40.0,42.0,21.1,10.2,4.1,7.5,54.9,0.0,0.0,0.0,1.9,2.3,82.3,1.8,3.9,5.7,1.4,0.9,0.2,0.6,2.5,20.7,3.0,0.0,-1.5
14-15,Patrick Beverley,HOU,26.0,56.0,0.625,35.0,21.0,30.8,10.1,3.6,9.5,38.3,2.1,5.8,35.6,0.8,1.1,75.0,1.2,3.0,4.2,3.4,1.5,1.1,0.4,3.3,23.3,2.0,0.0,1.3
14-15,Zach LaVine,MIN,20.0,77.0,0.19480519480519481,15.0,62.0,24.7,10.1,3.7,8.8,42.2,0.7,2.2,34.1,1.9,2.3,84.2,0.4,2.4,2.8,3.6,2.5,0.7,0.1,2.1,18.8,4.0,0.0,-7.0
14-15,Courtney Lee,MEM,29.0,77.0,0.6623376623376623,51.0,26.0,30.6,10.1,3.7,8.4,44.8,1.2,2.9,40.2,1.4,1.7,86.0,0.3,2.0,2.3,2.0,1.0,1.0,0.2,1.7,18.2,0.0,0.0,1.6
14-15,Harrison Barnes,GSW,23.0,82.0,0.8170731707317073,67.0,15.0,28.3,10.1,3.9,8.0,48.2,1.1,2.6,40.5,1.3,1.8,72.0,1.4,4.1,5.5,1.4,0.9,0.7,0.2,1.8,20.9,6.0,0.0,6.5
14-15,Gary Neal,MIN,30.0,54.0,0.4444444444444444,24.0,30.0,22.1,10.1,3.5,9.3,37.4,0.9,3.0,30.5,2.2,2.5,86.7,0.3,2.1,2.4,1.9,1.2,0.4,0.0,1.6,15.8,0.0,0.0,-1.9
14-15,Matt Barnes,LAC,35.0,76.0,0.6710526315789473,51.0,25.0,29.9,10.1,3.6,8.2,44.4,1.8,4.9,36.2,1.0,1.3,77.9,0.7,3.3,4.0,1.5,1.1,0.9,0.7,3.2,20.5,1.0,0.0,6.9
14-15,C.J. Watson,IND,31.0,57.0,0.43859649122807015,25.0,32.0,24.9,10.0,3.2,7.3,43.4,1.2,3.1,40.0,2.4,2.9,82.6,0.3,2.5,2.9,3.6,1.8,1.0,0.2,1.9,20.6,0.0,0.0,0.1
14-15,Wayne Ellington,LAL,27.0,65.0,0.27692307692307694,18.0,47.0,25.8,10.0,3.9,9.5,41.2,1.4,3.7,37.0,0.8,1.0,81.3,0.5,2.8,3.2,1.6,0.8,0.5,0.0,1.2,17.1,1.0,0.0,-1.9
14-15,Dennis Schroder,ATL,21.0,77.0,0.7402597402597403,57.0,20.0,19.7,10.0,3.7,8.6,42.7,0.7,1.9,35.1,1.9,2.3,82.7,0.4,1.8,2.1,4.1,1.9,0.6,0.1,1.6,18.8,5.0,0.0,0.1
14-15,Nerlens Noel,PHI,21.0,75.0,0.24,18.0,57.0,30.8,9.9,4.0,8.7,46.2,0.0,0.0,0.0,1.9,3.1,60.9,2.5,5.7,8.1,1.7,1.9,1.8,1.9,2.8,31.3,18.0,0.0,-5.8
14-15,Wesley Johnson,LAL,27.0,76.0,0.2631578947368421,20.0,56.0,29.5,9.9,3.8,9.1,41.4,1.2,3.4,35.1,1.2,1.5,80.4,0.9,3.3,4.2,1.6,1.1,0.8,0.6,2.1,20.4,3.0,0.0,-4.1
14-15,Luc Mbah a Moute,PHI,28.0,67.0,0.23880597014925373,16.0,51.0,28.6,9.9,3.7,9.5,39.5,0.9,3.0,30.7,1.4,2.4,58.9,1.2,3.7,4.9,1.6,1.5,1.2,0.3,1.6,21.2,4.0,0.0,-5.4
14-15,Terrence Ross,TOR,24.0,82.0,0.5975609756097561,49.0,33.0,25.5,9.8,3.8,9.2,41.0,1.8,4.8,37.2,0.5,0.7,78.6,0.4,2.4,2.8,1.0,0.8,0.6,0.3,1.7,16.7,0.0,0.0,0.5
14-15,Anderson Varejao,CLE,32.0,26.0,0.6153846153846154,16.0,10.0,24.4,9.8,4.3,7.7,55.5,0.0,0.1,0.0,1.3,1.7,73.3,2.2,4.3,6.5,1.3,1.3,0.7,0.6,2.2,22.4,2.0,0.0,0.2
14-15,Gorgui Dieng,MIN,25.0,73.0,0.2191780821917808,16.0,57.0,30.0,9.7,3.5,7.0,50.6,0.0,0.1,16.7,2.6,3.3,78.3,3.1,5.3,8.3,2.0,1.7,1.0,1.7,2.6,29.1,18.0,0.0,-5.2
14-15,Timofey Mozgov,CLE,28.0,81.0,0.6049382716049383,49.0,32.0,25.3,9.7,3.9,7.0,55.5,0.0,0.1,33.3,1.9,2.7,71.8,2.5,4.8,7.3,0.7,1.4,0.4,1.2,2.8,22.8,18.0,0.0,3.2
14-15,Robin Lopez,POR,27.0,59.0,0.6440677966101694,38.0,21.0,27.8,9.6,4.0,7.4,53.5,0.0,0.0,0.0,1.7,2.2,77.2,3.2,3.5,6.7,0.9,1.2,0.3,1.4,2.1,22.9,6.0,0.0,2.5
14-15,Evan Turner,BOS,26.0,82.0,0.4878048780487805,40.0,42.0,27.6,9.5,3.9,9.1,42.9,0.4,1.5,27.7,1.3,1.7,75.2,0.5,4.6,5.1,5.5,2.4,1.0,0.2,2.2,25.1,7.0,3.0,-1.2
14-15,D.J. Augustin,OKC,27.0,82.0,0.45121951219512196,37.0,45.0,23.9,9.5,3.1,7.9,39.9,1.0,3.0,33.7,2.2,2.5,86.8,0.2,1.7,2.0,4.3,1.8,0.6,0.0,1.1,18.4,4.0,0.0,-0.9
14-15,Greivis Vasquez,TOR,28.0,82.0,0.5975609756097561,49.0,33.0,24.3,9.5,3.6,8.8,40.8,1.6,4.3,37.9,0.6,0.8,75.8,0.3,2.4,2.6,3.7,1.5,0.6,0.1,2.2,18.7,0.0,0.0,0.9
14-15,Mike Dunleavy,CHI,34.0,63.0,0.6507936507936508,41.0,22.0,29.2,9.4,3.3,7.6,43.5,1.7,4.2,40.7,1.1,1.4,80.5,0.4,3.5,3.9,1.8,1.0,0.6,0.3,2.0,18.8,0.0,0.0,3.3
14-15,Luis Scola,IND,35.0,81.0,0.4567901234567901,37.0,44.0,20.5,9.4,3.7,7.9,46.7,0.1,0.2,25.0,2.0,2.8,69.9,1.7,4.8,6.5,1.3,1.2,0.6,0.2,2.4,20.4,9.0,0.0,0.4
14-15,Nicolas Batum,POR,26.0,71.0,0.6056338028169014,43.0,28.0,33.5,9.4,3.4,8.5,40.0,1.4,4.4,32.4,1.2,1.4,85.7,0.9,5.0,5.9,4.8,1.9,1.1,0.6,1.5,26.7,5.0,0.0,3.0
14-15,Amir Johnson,TOR,28.0,75.0,0.5866666666666667,44.0,31.0,26.4,9.3,4.0,6.9,57.4,0.3,0.6,41.3,1.1,1.7,61.2,2.1,4.0,6.1,1.6,1.5,0.6,0.8,3.0,21.5,6.0,0.0,0.8
14-15,Isaiah Canaan,PHI,24.0,47.0,0.5106382978723404,24.0,23.0,20.0,9.2,3.1,8.0,38.6,1.9,5.2,37.0,1.0,1.3,81.7,0.4,1.5,1.9,2.1,1.3,0.6,0.1,1.8,15.3,0.0,0.0,-1.3
14-15,Marco Belinelli,SAS,29.0,62.0,0.6612903225806451,41.0,21.0,22.4,9.2,3.2,7.6,42.3,1.4,3.7,37.4,1.4,1.6,84.8,0.4,2.1,2.5,1.5,1.0,0.5,0.0,1.4,15.1,0.0,0.0,0.0
14-15,PJ Tucker,PHX,30.0,78.0,0.46153846153846156,36.0,42.0,30.6,9.1,3.3,7.6,43.8,1.1,3.2,34.5,1.3,1.8,72.7,1.5,5.0,6.4,1.6,1.2,1.4,0.3,2.3,23.0,4.0,0.0,-0.6
14-15,Jose Calderon,NYK,33.0,42.0,0.16666666666666666,7.0,35.0,30.2,9.1,3.5,8.4,41.5,1.4,3.4,41.5,0.7,0.8,90.6,0.5,2.5,3.0,4.7,1.8,0.7,0.0,1.8,20.1,2.0,0.0,-8.1
14-15,Jason Richardson,PHI,34.0,19.0,0.21052631578947367,4.0,15.0,21.9,9.1,3.3,9.4,34.8,1.6,5.1,32.3,0.9,1.2,77.3,0.7,2.8,3.5,2.0,0.8,0.7,0.2,1.5,17.9,0.0,0.0,-3.7
14-15,Bojan Bogdanovic,BKN,26.0,78.0,0.46153846153846156,36.0,42.0,23.8,9.0,3.3,7.4,45.3,1.2,3.3,35.5,1.1,1.4,82.1,0.6,2.1,2.7,0.9,1.0,0.4,0.1,1.3,14.2,0.0,0.0,-2.3
14-15,Rajon Rondo,DAL,29.0,68.0,0.5,34.0,34.0,29.7,8.9,4.0,9.5,42.6,0.4,1.3,31.4,0.5,1.1,39.7,1.1,4.4,5.5,7.9,3.1,1.3,0.1,2.3,28.6,15.0,3.0,-0.9
14-15,Elfrid Payton,ORL,21.0,82.0,0.3048780487804878,25.0,57.0,30.3,8.9,3.7,8.6,42.5,0.1,0.5,26.2,1.4,2.6,55.1,1.3,3.0,4.3,6.5,2.5,1.7,0.2,2.4,27.2,12.0,2.0,-2.5
14-15,Solomon Hill,IND,24.0,82.0,0.4634146341463415,38.0,44.0,29.0,8.9,3.1,7.7,39.6,0.8,2.5,32.7,1.9,2.4,82.4,0.9,3.0,3.8,2.2,1.4,0.8,0.2,2.2,18.5,1.0,0.0,-2.2
14-15,Omri Casspi,SAC,27.0,67.0,0.34328358208955223,23.0,44.0,21.1,8.9,3.1,6.4,48.9,0.5,1.3,40.2,2.1,2.9,73.3,0.8,3.1,3.9,1.5,1.3,0.5,0.1,1.6,16.3,1.0,0.0,-2.7
14-15,Michael Beasley,MIA,26.0,24.0,0.4583333333333333,11.0,13.0,21.0,8.8,3.8,8.8,43.4,0.3,1.4,23.5,0.8,1.1,76.9,0.5,3.2,3.7,1.3,1.5,0.6,0.5,2.8,17.2,1.0,0.0,0.1
14-15,Paul George,IND,25.0,6.0,0.8333333333333334,5.0,1.0,15.2,8.8,3.0,8.2,36.7,1.5,3.7,40.9,1.3,1.8,72.7,0.7,3.0,3.7,1.0,2.0,0.8,0.2,1.8,15.7,0.0,0.0,2.5
14-15,Hollis Thompson,PHI,24.0,71.0,0.18309859154929578,13.0,58.0,25.0,8.8,3.2,7.6,41.3,1.6,4.0,40.1,0.9,1.3,70.8,0.7,2.0,2.8,1.2,0.9,0.8,0.4,2.0,16.5,0.0,0.0,-4.8
14-15,Devin Harris,DAL,32.0,76.0,0.5921052631578947,45.0,31.0,22.2,8.8,2.9,6.9,41.8,1.3,3.5,35.7,1.7,2.1,81.5,0.2,1.6,1.8,3.1,1.1,1.0,0.2,1.9,18.1,0.0,0.0,1.3
14-15,Mason Plumlee,BKN,25.0,82.0,0.4634146341463415,38.0,44.0,21.3,8.7,3.4,6.0,57.3,0.0,0.0,0.0,1.9,3.9,49.5,2.1,4.1,6.2,0.9,1.3,0.8,0.8,2.5,21.0,12.0,0.0,-2.2
14-15,Boris Diaw,SAS,33.0,81.0,0.6790123456790124,55.0,26.0,24.5,8.7,3.6,7.8,46.0,0.7,2.1,32.0,0.9,1.1,77.4,1.0,3.3,4.3,2.9,1.6,0.4,0.3,1.8,18.8,1.0,0.0,3.6
14-15,Randy Foye,DEN,31.0,50.0,0.3,15.0,35.0,21.7,8.7,3.0,8.0,36.8,1.9,5.3,35.7,0.9,1.1,81.8,0.2,1.5,1.7,2.4,1.2,0.7,0.2,1.9,15.8,0.0,0.0,-2.1
14-15,Dwight Buycks,LAL,26.0,6.0,0.16666666666666666,1.0,5.0,20.5,8.7,3.0,6.7,45.0,1.2,1.8,63.6,1.5,1.7,90.0,0.3,1.7,2.0,2.3,2.0,0.5,0.0,0.5,14.1,0.0,0.0,-4.0
14-15,Rodney Hood,UTA,22.0,50.0,0.54,27.0,23.0,21.3,8.7,3.1,7.5,41.4,1.2,3.4,36.5,1.2,1.6,76.3,0.2,2.2,2.3,1.7,0.9,0.6,0.2,2.4,15.6,0.0,0.0,1.2
14-15,Chris Kaman,POR,33.0,74.0,0.6351351351351351,47.0,27.0,18.9,8.6,3.8,7.4,51.5,0.0,0.0,0.0,1.0,1.4,70.6,2.0,4.5,6.5,0.9,1.5,0.2,0.7,1.9,19.2,4.0,0.0,-0.1
14-15,Tony Allen,MEM,33.0,63.0,0.7301587301587301,46.0,17.0,26.2,8.6,3.6,7.2,49.5,0.2,0.5,34.5,1.3,2.0,62.7,1.6,2.8,4.4,1.4,1.4,2.0,0.5,2.6,22.1,2.0,0.0,3.9
14-15,Mirza Teletovic,BKN,29.0,40.0,0.4,16.0,24.0,22.3,8.5,3.1,8.0,38.2,1.6,4.8,32.1,0.8,1.2,71.7,0.7,4.2,4.9,1.2,1.3,0.4,0.4,1.9,16.9,1.0,0.0,-0.3
14-15,Tristan Thompson,CLE,24.0,82.0,0.6463414634146342,53.0,29.0,26.8,8.5,3.3,6.0,54.7,0.0,0.0,0.0,1.9,3.0,64.1,3.3,4.7,8.0,0.5,1.0,0.4,0.7,2.3,21.2,14.0,0.0,2.7
14-15,Sebastian Telfair,OKC,30.0,16.0,0.25,4.0,12.0,20.4,8.4,2.9,7.8,36.8,1.1,3.8,30.0,1.5,2.1,70.6,0.1,1.8,1.9,2.8,1.1,0.6,0.0,1.8,15.6,0.0,0.0,-4.0
14-15,Rudy Gobert,UTA,23.0,82.0,0.4634146341463415,38.0,44.0,26.3,8.4,3.1,5.2,60.4,0.0,0.0,0.0,2.1,3.3,62.3,3.2,6.2,9.5,1.3,1.4,0.8,2.3,2.1,29.6,25.0,0.0,0.1
14-15,Derrick Williams,SAC,24.0,74.0,0.36486486486486486,27.0,47.0,19.8,8.3,2.9,6.6,44.7,0.7,2.1,31.4,1.8,2.6,68.4,0.6,2.2,2.7,0.7,0.8,0.5,0.1,0.9,13.4,1.0,0.0,-3.5
14-15,Ed Davis,LAL,26.0,79.0,0.25316455696202533,20.0,59.0,23.3,8.3,3.6,5.9,60.1,0.0,0.0,0.0,1.2,2.4,48.7,2.9,4.7,7.6,1.2,0.7,0.6,1.2,2.6,24.1,6.0,0.0,-3.4
14-15,Jameer Nelson,DEN,33.0,63.0,0.3968253968253968,25.0,38.0,22.3,8.3,3.3,8.0,40.7,1.4,4.1,34.5,0.4,0.6,66.7,0.5,1.8,2.3,4.0,1.7,0.7,0.1,2.2,17.9,0.0,0.0,-0.2
14-15,Zaza Pachulia,MIL,31.0,73.0,0.4657534246575342,34.0,39.0,23.7,8.3,3.3,7.2,45.4,0.0,0.0,0.0,1.7,2.2,78.8,2.7,4.2,6.8,2.4,1.8,1.1,0.3,2.3,22.5,15.0,0.0,3.6
14-15,Tiago Splitter,SAS,30.0,52.0,0.6538461538461539,34.0,18.0,19.8,8.2,3.3,5.8,55.8,0.0,0.0,0.0,1.7,2.3,75.0,1.8,3.1,4.8,1.5,1.2,0.7,0.7,2.0,19.3,1.0,0.0,4.4
14-15,Lance Stephenson,CHA,24.0,61.0,0.3770491803278688,23.0,38.0,25.8,8.2,3.4,9.0,37.6,0.3,1.7,17.1,1.1,1.8,62.7,0.6,3.9,4.5,3.9,2.1,0.6,0.1,2.2,19.7,2.0,0.0,-3.6
14-15,Henry Sims,PHI,25.0,73.0,0.1917808219178082,14.0,59.0,19.2,8.0,3.3,6.9,47.4,0.1,0.3,18.2,1.5,1.9,77.4,1.7,3.3,4.9,1.1,1.4,0.5,0.4,1.8,17.0,4.0,0.0,-4.5
14-15,Iman Shumpert,CLE,25.0,62.0,0.5483870967741935,34.0,28.0,24.9,8.0,3.1,7.6,41.0,1.1,3.2,34.2,0.7,1.0,67.2,0.9,2.7,3.6,2.2,1.5,1.3,0.3,2.2,18.8,2.0,0.0,1.0
14-15,Jason Smith,NYK,29.0,82.0,0.2073170731707317,17.0,65.0,21.8,8.0,3.1,7.2,43.4,0.2,0.5,35.7,1.5,1.9,83.0,1.2,2.8,4.0,1.7,1.3,0.4,0.5,2.5,16.8,3.0,0.0,-5.2
14-15,Patrick Patterson,TOR,26.0,81.0,0.6049382716049383,49.0,32.0,26.6,8.0,3.0,6.6,44.9,1.3,3.5,37.1,0.8,1.0,78.8,1.6,3.8,5.3,1.9,0.7,0.7,0.5,1.8,20.5,3.0,0.0,3.1
14-15,Kris Humphries,WAS,30.0,64.0,0.578125,37.0,27.0,21.0,8.0,3.3,7.0,47.3,0.0,0.1,0.0,1.4,1.8,74.4,1.8,4.7,6.5,0.9,0.7,0.5,0.4,2.0,19.1,3.0,0.0,-1.4
14-15,David Lee,GSW,32.0,49.0,0.7551020408163265,37.0,12.0,18.5,7.9,3.3,6.4,51.1,0.0,0.0,0.0,1.4,2.1,65.4,1.7,3.6,5.2,1.7,1.0,0.6,0.5,1.7,19.3,1.0,0.0,0.5
14-15,Marcus Thornton,PHX,28.0,48.0,0.3958333333333333,19.0,29.0,15.0,7.9,2.9,7.2,40.6,1.1,3.0,37.8,1.0,1.2,82.1,0.5,1.3,1.8,0.8,0.6,0.6,0.1,0.8,12.8,0.0,0.0,-0.1
14-15,James Johnson,TOR,28.0,70.0,0.5714285714285714,40.0,30.0,19.6,7.9,3.4,5.8,58.9,0.2,0.7,21.6,1.0,1.5,65.7,0.9,2.8,3.7,1.4,1.1,0.8,1.0,2.2,18.5,2.0,0.0,2.1
14-15,KJ McDaniels,HOU,22.0,62.0,0.3064516129032258,19.0,43.0,21.8,7.9,2.8,7.0,39.6,0.7,2.4,28.7,1.6,2.1,75.2,1.0,2.2,3.2,1.2,1.7,0.7,1.1,2.0,17.3,1.0,0.0,-4.2
14-15,Andre Iguodala,GSW,31.0,77.0,0.8311688311688312,64.0,13.0,26.9,7.8,3.0,6.4,46.6,1.0,2.8,34.9,0.9,1.5,59.6,0.6,2.8,3.3,3.0,1.1,1.2,0.3,1.3,19.6,0.0,0.0,5.7
14-15,Marcus Smart,BOS,21.0,67.0,0.5223880597014925,35.0,32.0,27.0,7.8,2.6,7.1,36.7,1.4,4.1,33.5,1.2,1.9,64.6,0.9,2.4,3.3,3.1,1.3,1.5,0.3,2.6,20.3,0.0,0.0,0.8
14-15,Mike Scott,ATL,26.0,68.0,0.7647058823529411,52.0,16.0,16.5,7.8,3.0,6.7,44.4,1.0,2.8,34.4,0.9,1.1,79.2,0.7,2.3,2.9,1.1,0.6,0.4,0.0,1.2,13.6,0.0,0.0,0.3
14-15,Jerryd Bayless,MIL,26.0,77.0,0.5064935064935064,39.0,38.0,22.3,7.8,2.9,6.7,42.6,0.5,1.6,30.8,1.6,1.8,88.3,0.3,2.5,2.7,3.0,1.7,0.8,0.2,2.1,16.6,0.0,0.0,-0.2
14-15,Rasual Butler,WAS,36.0,75.0,0.52,39.0,36.0,20.1,7.7,2.9,6.9,42.2,1.2,3.1,38.7,0.7,0.9,79.1,0.4,2.3,2.6,0.8,0.6,0.4,0.3,1.3,13.5,0.0,0.0,-0.7
14-15,Steven Adams,OKC,21.0,70.0,0.5285714285714286,37.0,33.0,25.3,7.7,3.1,5.7,54.4,0.0,0.0,0.0,1.5,2.9,50.2,2.8,4.6,7.5,0.9,1.4,0.5,1.2,3.2,22.0,10.0,0.0,0.7
14-15,Jae Crowder,BOS,24.0,82.0,0.573170731707317,47.0,35.0,20.1,7.7,2.8,6.6,42.0,0.7,2.5,29.3,1.3,1.7,77.3,0.9,2.7,3.6,1.1,0.6,0.9,0.3,1.7,16.6,0.0,0.0,0.9
14-15,Beno Udrih,MEM,32.0,79.0,0.6962025316455697,55.0,24.0,18.9,7.7,3.1,6.4,48.7,0.3,1.2,26.8,1.1,1.3,85.3,0.3,1.6,1.8,2.8,1.1,0.6,0.1,1.1,14.9,0.0,0.0,-0.1
14-15,Norris Cole,NOP,26.0,75.0,0.49333333333333335,37.0,38.0,24.4,7.6,3.1,7.4,41.2,0.7,2.3,31.3,0.8,1.1,71.6,0.2,1.9,2.1,3.4,1.3,0.8,0.2,1.7,16.8,0.0,0.0,-2.5
14-15,Cody Zeller,CHA,22.0,62.0,0.43548387096774194,27.0,35.0,24.0,7.6,2.8,6.0,46.1,0.0,0.0,100.0,2.0,2.6,77.4,1.6,4.3,5.8,1.6,1.0,0.5,0.8,2.5,20.1,2.0,0.0,0.3
14-15,JJ Hickson,DEN,26.0,73.0,0.3561643835616438,26.0,47.0,19.3,7.6,3.0,6.3,47.5,0.0,0.0,0.0,1.6,2.8,57.7,2.1,4.1,6.2,0.8,1.3,0.5,0.5,1.9,17.8,9.0,0.0,-3.2
14-15,J.J. Barea,DAL,31.0,77.0,0.6363636363636364,49.0,28.0,17.7,7.5,2.9,7.0,42.0,0.7,2.2,32.3,1.0,1.2,80.9,0.3,1.4,1.7,3.4,0.9,0.4,0.0,1.4,15.2,0.0,0.0,1.6
14-15,Tayshaun Prince,DET,35.0,58.0,0.46551724137931033,27.0,31.0,24.1,7.5,3.1,6.9,44.0,0.5,1.2,46.3,0.8,1.1,75.4,0.9,2.7,3.6,1.6,0.6,0.5,0.3,0.9,16.0,0.0,0.0,-2.3
14-15,Marvin Williams,CHA,29.0,78.0,0.41025641025641024,32.0,46.0,26.1,7.4,2.7,6.3,42.4,1.2,3.4,35.8,0.8,1.1,71.3,0.7,4.2,4.9,1.3,0.8,0.9,0.5,1.9,18.5,1.0,0.0,-2.0
14-15,Ray McCallum,SAC,24.0,68.0,0.3235294117647059,22.0,46.0,21.1,7.4,3.0,6.9,43.8,0.5,1.6,30.6,0.8,1.2,67.9,0.8,1.9,2.6,2.8,1.3,0.7,0.2,1.4,15.9,0.0,0.0,-3.5
14-15,Donald Sloan,IND,27.0,53.0,0.41509433962264153,22.0,31.0,20.9,7.4,2.7,6.7,40.8,0.8,2.5,31.3,1.1,1.5,77.9,0.2,2.5,2.7,3.6,1.2,0.4,0.0,0.9,16.1,1.0,0.0,-1.6
14-15,Alan Anderson,BKN,32.0,74.0,0.47297297297297297,35.0,39.0,23.6,7.4,2.6,5.9,44.3,1.0,2.8,34.8,1.1,1.4,81.2,0.4,2.3,2.8,1.1,0.8,0.8,0.1,2.0,14.0,0.0,0.0,-0.8
14-15,Omer Asik,NOP,28.0,76.0,0.5657894736842105,43.0,33.0,26.1,7.3,2.8,5.4,51.7,0.0,0.0,0.0,1.7,3.0,58.2,3.2,6.6,9.8,0.9,1.3,0.4,0.7,1.9,22.6,13.0,0.0,0.3
14-15,Channing Frye,ORL,32.0,75.0,0.30666666666666664,23.0,52.0,24.9,7.3,2.5,6.5,39.2,1.8,4.6,39.3,0.4,0.5,88.6,0.4,3.5,3.9,1.3,1.0,0.6,0.5,2.5,16.3,2.0,0.0,-3.3
14-15,Henry Walker,MIA,27.0,24.0,0.5,12.0,12.0,26.1,7.3,2.4,7.0,34.5,1.9,5.5,34.1,0.6,0.8,77.8,0.3,3.1,3.4,1.2,1.0,1.0,0.4,3.2,16.3,0.0,0.0,0.0
14-15,Larry Sanders,MIL,26.0,27.0,0.4444444444444444,12.0,15.0,21.7,7.3,3.2,6.4,50.0,0.0,0.0,0.0,0.9,1.8,50.0,2.5,3.7,6.1,0.9,1.0,1.0,1.4,3.9,22.1,0.0,0.0,-3.3
14-15,Brandan Wright,PHX,27.0,75.0,0.49333333333333335,37.0,38.0,19.3,7.3,3.1,4.8,64.2,0.0,0.0,0.0,1.0,1.5,69.6,1.7,2.6,4.3,0.5,0.5,0.7,1.3,1.4,18.5,3.0,0.0,-0.2
14-15,Joakim Noah,CHI,30.0,67.0,0.582089552238806,39.0,28.0,30.6,7.2,2.8,6.4,44.5,0.0,0.0,0.0,1.6,2.6,60.3,3.3,6.4,9.6,4.7,1.8,0.7,1.1,3.0,29.4,15.0,0.0,1.2
14-15,Jared Dudley,MIL,29.0,72.0,0.5416666666666666,39.0,33.0,23.8,7.2,2.8,5.9,46.8,1.0,2.7,38.5,0.7,0.9,71.6,0.6,2.4,3.1,1.8,0.9,1.0,0.2,1.6,16.2,0.0,0.0,1.5
14-15,Carl Landry,SAC,31.0,70.0,0.37142857142857144,26.0,44.0,17.0,7.2,2.7,5.3,51.5,0.0,0.0,0.0,1.8,2.1,82.0,1.4,2.4,3.8,0.4,0.8,0.2,0.2,1.9,12.9,3.0,0.0,-3.1
14-15,Trevor Booker,UTA,27.0,79.0,0.46835443037974683,37.0,42.0,19.8,7.2,2.9,5.9,48.7,0.4,1.1,34.5,1.1,1.9,58.1,1.8,3.3,5.0,1.1,1.1,0.5,0.5,1.8,16.9,3.0,0.0,0.4
14-15,Quincy Pondexter,NOP,27.0,75.0,0.64,48.0,27.0,23.9,7.2,2.5,6.0,42.1,1.2,3.3,37.3,0.9,1.3,74.0,0.7,1.9,2.6,1.3,0.7,0.3,0.3,2.0,13.2,0.0,0.0,0.1
14-15,Lance Thomas,NYK,27.0,62.0,0.3225806451612903,20.0,42.0,24.0,7.1,2.9,7.1,41.2,0.1,0.4,31.8,1.2,1.6,72.7,1.0,2.1,3.1,1.1,1.2,0.6,0.1,1.6,13.6,0.0,0.0,-5.5
14-15,Leandro Barbosa,GSW,32.0,66.0,0.8181818181818182,54.0,12.0,14.9,7.1,2.8,5.8,47.4,0.7,1.7,38.4,0.9,1.1,78.4,0.3,1.0,1.4,1.5,0.7,0.6,0.1,1.3,12.5,0.0,0.0,-0.1
14-15,Jason Terry,HOU,37.0,77.0,0.6883116883116883,53.0,24.0,21.3,7.0,2.4,5.8,42.2,1.6,4.2,39.0,0.5,0.6,81.3,0.2,1.4,1.6,1.9,1.0,0.9,0.2,1.5,14.1,0.0,0.0,1.8
14-15,John Henson,MIL,24.0,67.0,0.5223880597014925,35.0,32.0,18.3,7.0,2.9,5.2,56.6,0.0,0.0,0.0,1.2,2.0,56.9,1.9,2.8,4.7,0.9,1.3,0.4,2.0,2.3,19.9,2.0,0.0,-1.1
14-15,Austin Rivers,LAC,22.0,76.0,0.6052631578947368,46.0,30.0,20.6,7.0,2.7,6.5,40.9,0.5,1.7,29.8,1.1,1.7,67.5,0.4,1.6,2.0,2.0,0.9,0.6,0.2,1.9,14.0,0.0,0.0,-1.7
14-15,Patty Mills,SAS,26.0,51.0,0.7254901960784313,37.0,14.0,15.7,6.9,2.5,6.6,38.1,1.2,3.6,34.1,0.6,0.8,82.5,0.4,1.1,1.5,1.7,0.7,0.5,0.0,1.1,12.3,0.0,0.0,3.0
14-15,Kevin Garnett,MIN,39.0,47.0,0.425531914893617,20.0,27.0,20.3,6.9,3.0,6.5,46.7,0.0,0.1,14.3,0.8,1.0,80.0,1.0,5.6,6.6,1.6,1.0,1.0,0.4,2.3,20.3,3.0,0.0,-0.5
14-15,Jusuf Nurkic,DEN,20.0,62.0,0.3387096774193548,21.0,41.0,17.8,6.9,2.8,6.2,44.6,0.0,0.0,0.0,1.4,2.1,63.6,2.0,4.1,6.2,0.8,1.4,0.8,1.1,3.3,19.9,4.0,0.0,-0.1
14-15,Will Barton,DEN,24.0,58.0,0.5172413793103449,30.0,28.0,17.0,6.8,2.6,6.1,42.5,0.4,1.5,27.1,1.3,1.6,78.7,0.4,2.3,2.8,1.4,1.1,0.8,0.3,1.2,14.7,2.0,0.0,-0.5
14-15,CJ McCollum,POR,23.0,62.0,0.5967741935483871,37.0,25.0,15.7,6.8,2.6,5.9,43.6,0.9,2.2,39.6,0.8,1.2,69.9,0.2,1.2,1.5,1.0,0.8,0.7,0.1,1.3,11.8,0.0,0.0,1.9
14-15,Chase Budinger,MIN,27.0,67.0,0.11940298507462686,8.0,59.0,19.2,6.8,2.5,5.8,43.3,0.8,2.1,36.4,1.0,1.2,82.7,0.5,2.5,3.0,1.0,0.7,0.7,0.1,1.1,13.5,0.0,0.0,-3.9
14-15,Cory Joseph,SAS,23.0,79.0,0.6708860759493671,53.0,26.0,18.3,6.8,2.6,5.2,50.4,0.2,0.6,36.4,1.3,1.8,73.4,0.6,1.9,2.4,2.4,0.8,0.6,0.2,1.3,14.8,0.0,0.0,2.2
14-15,Brian Roberts,CHA,29.0,72.0,0.4166666666666667,30.0,42.0,18.5,6.7,2.4,6.3,38.9,0.9,2.7,32.1,0.9,1.0,89.2,0.2,1.3,1.5,2.3,0.8,0.5,0.1,1.0,12.7,0.0,0.0,-1.2
14-15,Adreian Payne,MIN,24.0,32.0,0.21875,7.0,25.0,23.1,6.7,2.8,6.9,41.4,0.0,0.3,11.1,0.9,1.4,65.2,1.5,3.6,5.1,0.9,1.4,0.6,0.3,2.8,15.4,3.0,0.0,-7.6
14-15,Darrell Arthur,DEN,27.0,58.0,0.3793103448275862,22.0,36.0,17.0,6.6,2.7,6.6,40.4,0.4,1.9,23.6,0.8,1.0,78.0,0.9,2.0,2.9,1.0,0.8,0.8,0.4,2.5,14.6,2.0,0.0,-0.2
14-15,Aron Baynes,SAS,28.0,70.0,0.7,49.0,21.0,16.0,6.6,2.6,4.7,56.6,0.0,0.1,25.0,1.3,1.5,86.5,1.6,3.0,4.5,0.5,0.9,0.2,0.3,2.3,13.5,5.0,0.0,1.9
14-15,Kevin Seraphin,WAS,25.0,79.0,0.569620253164557,45.0,34.0,15.6,6.6,2.9,5.7,51.3,0.0,0.0,0.0,0.7,1.0,70.7,1.1,2.5,3.6,0.7,1.2,0.1,0.7,2.5,13.5,1.0,0.0,-2.0
14-15,Alexis Ajinca,NOP,27.0,68.0,0.6029411764705882,41.0,27.0,14.1,6.5,2.7,4.8,55.0,0.0,0.0,0.0,1.2,1.5,81.8,1.5,3.1,4.6,0.7,1.0,0.3,0.8,2.2,15.3,5.0,0.0,-0.2
14-15,Ryan Kelly,LAL,24.0,52.0,0.21153846153846154,11.0,41.0,23.7,6.4,2.0,5.9,33.7,0.9,2.6,33.6,1.5,1.8,83.2,0.3,2.6,2.8,1.8,0.7,0.6,0.5,2.3,14.8,0.0,0.0,-2.8
14-15,Anthony Tolliver,DET,30.0,76.0,0.47368421052631576,36.0,40.0,18.9,6.3,2.1,5.2,41.0,1.4,3.8,36.6,0.7,0.9,78.3,0.7,2.4,3.1,0.8,0.7,0.3,0.2,1.8,12.1,1.0,0.0,1.4
14-15,Jerami Grant,PHI,21.0,65.0,0.27692307692307694,18.0,47.0,21.2,6.3,1.9,5.4,35.2,0.8,2.4,31.4,1.8,3.0,59.1,0.8,2.3,3.0,1.2,1.3,0.6,1.0,2.2,15.5,0.0,0.0,-2.7
14-15,Andrew Bogut,GSW,30.0,67.0,0.8656716417910447,58.0,9.0,23.6,6.3,3.0,5.3,56.3,0.0,0.0,0.0,0.3,0.6,52.4,2.1,6.0,8.1,2.7,1.6,0.6,1.7,2.8,25.3,6.0,0.0,8.0
14-15,Charlie Villanueva,DAL,30.0,64.0,0.578125,37.0,27.0,10.6,6.3,2.3,5.7,41.4,1.3,3.5,37.6,0.3,0.5,57.1,0.5,1.9,2.3,0.3,0.4,0.2,0.3,1.0,10.8,0.0,0.0,-0.8
14-15,Mitch McGary,OKC,23.0,32.0,0.625,20.0,12.0,15.2,6.3,2.8,5.2,53.3,0.0,0.1,0.0,0.8,1.3,62.5,1.7,3.5,5.2,0.4,1.0,0.5,0.5,2.3,15.2,3.0,0.0,1.5
14-15,Ramon Sessions,WAS,29.0,64.0,0.40625,26.0,38.0,18.6,6.3,2.0,5.2,37.4,0.3,0.9,31.7,2.1,2.7,76.9,0.4,1.9,2.3,2.8,1.3,0.5,0.0,1.1,13.3,0.0,0.0,-2.5
14-15,Jeremy Lamb,OKC,23.0,47.0,0.574468085106383,27.0,20.0,13.5,6.3,2.2,5.3,41.6,0.8,2.4,34.2,1.0,1.2,89.1,0.2,2.1,2.3,0.9,0.6,0.4,0.1,1.1,11.6,1.0,0.0,-1.5
14-15,Danny Granger,PHX,32.0,30.0,0.36666666666666664,11.0,19.0,20.4,6.3,2.2,5.4,40.1,1.0,2.8,35.7,0.9,1.2,75.7,0.7,2.0,2.7,0.6,0.8,0.4,0.2,2.2,11.4,0.0,0.0,-3.5
14-15,Alex Len,PHX,22.0,69.0,0.5072463768115942,35.0,34.0,22.0,6.3,2.6,5.1,50.7,0.0,0.0,33.3,1.1,1.5,70.2,2.1,4.5,6.6,0.5,1.1,0.5,1.5,3.1,19.8,10.0,0.0,-0.4
14-15,Ben Gordon,ORL,32.0,56.0,0.30357142857142855,17.0,39.0,14.1,6.2,2.3,5.3,43.7,0.6,1.7,36.1,1.0,1.2,83.6,0.1,1.0,1.1,0.9,1.0,0.3,0.0,1.1,8.7,0.0,0.0,-2.4
14-15,Shane Larkin,NYK,22.0,76.0,0.21052631578947367,16.0,60.0,24.5,6.2,2.5,5.7,43.3,0.5,1.5,30.2,0.8,1.0,78.2,0.4,1.9,2.3,3.0,1.1,1.2,0.1,2.0,16.4,1.0,0.0,-5.2
14-15,Chris Copeland,IND,31.0,50.0,0.38,19.0,31.0,16.5,6.2,2.2,6.2,36.1,1.0,3.3,31.1,0.7,0.9,73.3,0.5,1.8,2.2,1.0,1.2,0.2,0.2,1.6,10.5,1.0,0.0,-0.6
14-15,Ish Smith,PHI,26.0,55.0,0.43636363636363634,24.0,31.0,15.1,6.1,2.6,6.7,39.0,0.3,1.1,30.0,0.6,1.0,59.6,0.3,1.5,1.8,3.3,1.4,0.7,0.1,0.9,14.1,0.0,0.0,-1.9
14-15,T.J. Warren,PHX,21.0,40.0,0.425,17.0,23.0,15.4,6.1,2.8,5.4,52.8,0.1,0.5,23.8,0.4,0.5,73.7,1.0,1.1,2.1,0.6,0.7,0.5,0.2,1.3,11.0,0.0,0.0,-2.4
14-15,Jason Thompson,SAC,28.0,81.0,0.35802469135802467,29.0,52.0,24.6,6.1,2.5,5.3,47.0,0.0,0.0,0.0,1.1,1.8,62.2,1.7,4.8,6.5,1.0,1.0,0.4,0.7,3.0,17.8,7.0,0.0,-2.3
14-15,Tony Snell,CHI,23.0,72.0,0.5972222222222222,43.0,29.0,19.6,6.0,2.2,5.2,42.9,1.0,2.7,37.1,0.6,0.8,80.0,0.4,2.0,2.4,0.9,0.7,0.4,0.2,1.2,11.4,1.0,0.0,0.7
14-15,Tarik Black,LAL,23.0,63.0,0.3968253968253968,25.0,38.0,19.0,6.0,2.5,4.3,57.5,0.0,0.0,0.0,1.0,1.9,55.1,2.3,3.6,5.8,0.7,0.8,0.3,0.4,2.5,15.3,5.0,0.0,-1.3
14-15,Otto Porter Jr.,WAS,22.0,74.0,0.5540540540540541,41.0,33.0,19.4,6.0,2.4,5.3,45.0,0.5,1.4,33.7,0.8,1.1,73.4,0.9,2.0,3.0,0.9,0.7,0.6,0.4,1.3,13.2,0.0,0.0,-0.5
14-15,Kyle Singler,OKC,27.0,80.0,0.45,36.0,44.0,21.8,6.0,2.2,5.6,38.6,1.2,3.0,39.8,0.5,0.7,76.9,0.4,2.0,2.4,1.1,0.7,0.6,0.3,1.9,12.4,0.0,0.0,-1.2
14-15,Jonas Jerebko,BOS,28.0,75.0,0.49333333333333335,37.0,38.0,16.4,6.0,2.3,5.1,44.6,0.7,1.9,38.6,0.7,0.9,84.8,1.2,2.5,3.8,0.9,0.6,0.6,0.2,1.8,13.9,1.0,0.0,1.9
14-15,Meyers Leonard,POR,23.0,55.0,0.5818181818181818,32.0,23.0,15.4,5.9,2.3,4.5,51.0,0.9,2.0,42.0,0.5,0.6,93.8,0.8,3.7,4.5,0.6,0.7,0.2,0.3,2.1,12.9,3.0,0.0,0.3
14-15,Tyler Johnson,MIA,23.0,32.0,0.46875,15.0,17.0,18.8,5.9,2.2,5.2,41.9,0.6,1.5,37.5,1.0,1.5,68.1,0.4,2.1,2.5,1.3,0.9,1.0,0.3,1.3,13.9,1.0,0.0,-2.0
14-15,Shaun Livingston,GSW,29.0,78.0,0.8205128205128205,64.0,14.0,18.8,5.9,2.5,5.1,50.0,0.0,0.0,0.0,0.8,1.2,71.4,0.6,1.8,2.3,3.3,1.3,0.6,0.3,1.4,15.1,1.0,0.0,0.7
14-15,Caron Butler,DET,35.0,78.0,0.38461538461538464,30.0,48.0,20.8,5.9,2.1,5.1,40.7,1.1,2.8,37.9,0.7,0.8,90.2,0.3,2.2,2.5,1.0,0.6,0.6,0.1,1.5,11.6,0.0,0.0,-0.3
14-15,Willie Green,ORL,33.0,52.0,0.28846153846153844,15.0,37.0,18.3,5.9,2.3,5.9,38.6,0.8,2.3,34.7,0.5,0.7,82.4,0.3,1.3,1.5,1.3,0.9,0.5,0.1,1.6,10.5,0.0,0.0,-1.6
14-15,Quincy Acy,NYK,24.0,68.0,0.17647058823529413,12.0,56.0,18.9,5.9,2.2,4.9,45.9,0.3,0.9,30.0,1.1,1.4,78.4,1.2,3.3,4.4,1.0,0.9,0.4,0.3,2.2,13.9,1.0,0.0,-3.1
14-15,Richard Jefferson,DAL,35.0,74.0,0.6216216216216216,46.0,28.0,16.8,5.8,1.9,4.4,44.4,0.9,2.1,42.6,1.1,1.5,68.4,0.3,2.1,2.5,0.8,0.7,0.4,0.1,1.6,11.1,2.0,0.0,0.1
14-15,Spencer Hawes,LAC,27.0,73.0,0.7123287671232876,52.0,21.0,17.5,5.8,2.2,5.7,39.3,0.8,2.4,31.3,0.6,0.9,64.7,0.4,3.1,3.5,1.2,0.8,0.3,0.7,2.4,14.2,0.0,0.0,-1.3
14-15,Vince Carter,MEM,38.0,66.0,0.6818181818181818,45.0,21.0,16.5,5.8,2.0,6.2,33.3,1.0,3.5,29.7,0.7,0.9,78.9,0.4,1.6,2.0,1.2,0.7,0.7,0.2,1.5,12.0,0.0,0.0,0.5
14-15,Kyle O'Quinn,ORL,25.0,51.0,0.29411764705882354,15.0,36.0,16.2,5.8,2.3,4.7,49.2,0.2,0.8,27.9,0.9,1.1,77.2,0.9,3.0,3.9,1.2,1.1,0.6,0.8,2.2,15.2,3.0,0.0,-2.4
14-15,Chris Johnson,UTA,25.0,29.0,0.3103448275862069,9.0,20.0,18.2,5.7,2.1,5.3,40.3,1.0,3.3,29.5,0.5,0.6,87.5,0.3,1.6,1.9,0.5,0.5,0.9,0.2,1.5,11.7,0.0,0.0,-1.1
14-15,Kirk Hinrich,CHI,34.0,66.0,0.5606060606060606,37.0,29.0,24.4,5.7,2.2,5.8,37.3,0.9,2.5,34.5,0.5,0.8,70.0,0.3,1.5,1.8,2.2,1.1,0.7,0.2,2.2,12.9,0.0,0.0,0.6
14-15,Thomas Robinson,PHI,24.0,54.0,0.48148148148148145,26.0,28.0,14.8,5.7,2.3,4.8,48.5,0.0,0.0,0.0,1.0,2.0,52.8,1.8,3.9,5.6,0.6,1.1,0.6,0.4,1.9,15.2,4.0,0.0,0.2
14-15,Nate Robinson,DEN,31.0,42.0,0.5238095238095238,22.0,20.0,14.1,5.7,2.1,6.1,34.5,0.7,2.7,27.7,0.7,1.1,67.4,0.4,0.8,1.2,2.3,0.7,0.5,0.1,1.8,11.5,0.0,0.0,-3.0
14-15,Pero Antic,ATL,32.0,63.0,0.7301587301587301,46.0,17.0,16.5,5.7,1.7,4.7,36.5,0.8,2.7,30.1,1.4,2.0,71.5,0.9,2.1,3.0,0.8,0.8,0.3,0.2,2.1,11.2,0.0,0.0,2.4
14-15,PJ Hairston,CHA,22.0,45.0,0.4222222222222222,19.0,26.0,15.3,5.6,1.9,6.0,32.3,1.1,3.6,30.1,0.7,0.8,86.1,0.5,1.6,2.0,0.5,0.5,0.5,0.3,1.4,10.6,1.0,0.0,-2.3
14-15,Archie Goodwin,PHX,20.0,41.0,0.3902439024390244,16.0,25.0,13.0,5.6,1.9,4.9,39.3,0.3,1.0,29.3,1.5,2.0,73.5,0.7,1.1,1.8,1.1,1.2,0.4,0.2,1.3,10.2,0.0,0.0,-4.0
14-15,John Jenkins,ATL,24.0,24.0,0.5416666666666666,13.0,11.0,12.4,5.6,2.0,4.1,49.5,0.9,2.2,40.4,0.7,0.8,84.2,0.1,1.5,1.6,0.5,0.3,0.4,0.0,0.6,9.3,0.0,0.0,-1.0
14-15,Al-Farouq Aminu,DAL,24.0,74.0,0.6081081081081081,45.0,29.0,18.5,5.6,2.0,4.8,41.2,0.5,1.7,27.4,1.1,1.6,71.2,1.5,3.1,4.6,0.8,0.7,0.9,0.8,1.9,16.9,4.0,0.0,1.4
14-15,Cole Aldrich,NYK,26.0,61.0,0.18032786885245902,11.0,50.0,16.0,5.5,2.4,4.9,47.8,0.0,0.0,0.0,0.8,1.0,78.1,1.7,3.9,5.5,1.2,1.0,0.6,1.1,2.0,18.1,6.0,0.0,-4.5
14-15,Sean Kilpatrick,MIN,25.0,4.0,0.5,2.0,2.0,17.9,5.5,1.8,5.0,35.0,1.0,3.3,30.8,1.0,1.0,100.0,0.3,1.3,1.5,1.0,0.5,0.8,0.0,0.8,10.6,0.0,0.0,4.3
14-15,Shelvin Mack,ATL,25.0,55.0,0.6727272727272727,37.0,18.0,15.1,5.4,2.1,5.3,40.1,0.7,2.3,31.5,0.5,0.6,80.6,0.1,1.3,1.4,2.8,0.9,0.5,0.0,0.6,12.2,1.0,0.0,0.8
14-15,Drew Gooden,WAS,33.0,51.0,0.6078431372549019,31.0,20.0,16.9,5.4,2.2,5.4,39.9,0.5,1.2,39.0,0.7,0.9,77.3,1.4,3.0,4.4,1.0,0.5,0.4,0.2,1.8,13.3,2.0,0.0,0.0
14-15,Shawne Williams,DET,29.0,63.0,0.4126984126984127,26.0,37.0,17.2,5.4,1.9,4.8,40.3,1.0,2.8,36.0,0.6,0.6,87.5,0.6,2.1,2.6,0.7,0.5,0.4,0.3,2.1,11.3,1.0,0.0,-1.6
14-15,Cleanthony Early,NYK,24.0,39.0,0.15384615384615385,6.0,33.0,16.6,5.4,1.9,5.5,35.5,0.6,2.2,26.2,0.9,1.2,75.0,0.6,1.9,2.5,0.9,1.0,0.6,0.3,1.5,11.5,0.0,0.0,-4.2
14-15,Thabo Sefolosha,ATL,31.0,52.0,0.8269230769230769,43.0,9.0,18.8,5.3,2.0,4.8,41.8,0.5,1.5,32.1,0.9,1.1,77.6,1.0,3.3,4.3,1.4,0.7,1.0,0.4,1.3,16.2,1.0,0.0,3.3
14-15,Justin Hamilton,MIN,25.0,41.0,0.14634146341463414,6.0,35.0,17.4,5.3,2.1,4.3,47.8,0.2,0.8,32.3,1.0,1.1,83.0,1.4,1.9,3.3,0.9,0.6,0.7,0.7,1.7,14.1,2.0,0.0,-4.3
14-15,Bryce Cotton,UTA,22.0,15.0,0.6,9.0,6.0,10.6,5.3,1.9,4.6,42.0,0.5,1.3,35.0,1.0,1.2,83.3,0.2,1.0,1.2,1.0,0.8,0.3,0.0,0.4,8.3,0.0,0.0,0.0
14-15,Chris Andersen,MIA,36.0,60.0,0.45,27.0,33.0,18.9,5.3,2.0,3.5,58.0,0.1,0.2,30.8,1.3,1.9,66.7,1.3,3.7,5.0,0.7,0.7,0.4,1.0,1.5,16.1,1.0,0.0,0.0
14-15,Ricky Ledo,NYK,22.0,17.0,0.23529411764705882,4.0,13.0,14.4,5.3,1.9,5.6,33.3,0.6,1.6,37.0,0.9,1.3,72.7,0.9,1.2,2.1,1.1,1.5,0.4,0.1,1.2,9.2,0.0,0.0,-3.1
14-15,Elijah Millsap,UTA,27.0,47.0,0.5319148936170213,25.0,22.0,19.7,5.3,1.7,5.1,34.0,0.6,1.9,31.1,1.2,1.8,67.4,0.6,2.6,3.2,1.2,1.4,1.2,0.3,2.6,14.1,0.0,0.0,1.2
14-15,Brandon Davies,PHI,23.0,27.0,0.2222222222222222,6.0,21.0,15.7,5.3,2.0,5.1,40.1,0.3,1.3,23.5,0.9,1.4,64.9,1.4,1.7,3.1,1.1,1.1,0.7,0.3,2.2,12.3,0.0,0.0,-6.0
14-15,Anthony Bennett,MIN,22.0,57.0,0.21052631578947367,12.0,45.0,15.7,5.2,2.2,5.2,42.1,0.1,0.4,30.4,0.7,1.1,64.1,0.9,2.9,3.8,0.8,0.6,0.5,0.3,1.5,12.7,2.0,0.0,-5.2
14-15,JaKarr Sampson,PHI,22.0,74.0,0.22972972972972974,17.0,57.0,15.3,5.2,2.0,4.7,42.2,0.4,1.7,24.4,0.9,1.3,67.0,0.5,1.7,2.2,1.0,1.0,0.5,0.4,1.8,11.0,0.0,0.0,-4.5
14-15,Kent Bazemore,ATL,25.0,75.0,0.7066666666666667,53.0,22.0,17.6,5.2,1.9,4.4,42.6,0.6,1.8,36.4,0.8,1.3,60.0,0.3,2.7,3.0,1.0,1.0,0.7,0.4,1.7,12.7,0.0,0.0,-1.3
14-15,Tim Frazier,POR,24.0,11.0,0.2727272727272727,3.0,8.0,21.8,5.2,1.9,5.5,34.4,0.5,1.5,29.4,0.9,1.9,47.6,0.5,2.0,2.5,5.5,2.3,0.7,0.0,2.4,16.3,1.0,0.0,-0.5
14-15,Kosta Koufos,MEM,26.0,81.0,0.6790123456790124,55.0,26.0,16.6,5.2,2.2,4.4,50.8,0.0,0.0,0.0,0.7,1.0,64.7,1.5,3.8,5.3,0.5,0.9,0.4,0.8,1.8,14.7,0.0,0.0,1.2
14-15,Aaron Gordon,ORL,19.0,47.0,0.2978723404255319,14.0,33.0,17.0,5.2,2.0,4.4,44.7,0.3,1.0,27.1,0.9,1.3,72.1,1.0,2.6,3.6,0.7,0.8,0.4,0.5,1.8,12.5,1.0,0.0,-3.5
14-15,Dante Cunningham,NOP,28.0,66.0,0.5606060606060606,37.0,29.0,25.0,5.2,2.3,5.1,45.7,0.0,0.2,10.0,0.4,0.7,61.7,1.1,2.8,3.9,0.8,0.5,0.7,0.6,1.5,14.2,1.0,0.0,-0.5
14-15,Ronnie Price,LAL,32.0,43.0,0.3023255813953488,13.0,30.0,22.8,5.1,1.8,5.2,34.5,0.7,2.5,28.4,0.8,1.0,80.0,0.4,1.2,1.6,3.8,1.2,1.6,0.1,2.7,16.6,0.0,0.0,-1.7
14-15,Shabazz Napier,MIA,23.0,51.0,0.47058823529411764,24.0,27.0,19.8,5.1,1.7,4.5,38.2,0.8,2.3,36.4,0.9,1.1,78.6,0.3,1.9,2.2,2.5,1.6,0.8,0.1,1.5,12.6,0.0,0.0,-0.6
14-15,AJ Price,CLE,28.0,26.0,0.4230769230769231,11.0,15.0,12.4,5.1,2.0,5.3,37.2,0.6,2.2,26.3,0.6,0.9,66.7,0.2,1.0,1.2,1.8,0.5,0.3,0.0,0.6,9.5,0.0,0.0,-2.5
14-15,James Ennis III,MIA,24.0,62.0,0.43548387096774194,27.0,35.0,17.0,5.0,1.6,4.0,40.9,0.5,1.5,32.6,1.3,1.5,84.0,0.8,2.0,2.8,0.8,0.6,0.4,0.3,1.4,11.0,1.0,0.0,-0.1
14-15,Joe Ingles,UTA,27.0,79.0,0.45569620253164556,36.0,43.0,21.2,5.0,1.9,4.5,41.5,0.9,2.6,35.6,0.4,0.5,75.0,0.3,1.9,2.2,2.3,1.2,0.9,0.1,1.6,13.0,0.0,0.0,-0.6
14-15,Gigi Datome,BOS,27.0,21.0,0.5238095238095238,11.0,10.0,10.0,5.0,2.0,4.2,48.3,0.9,1.9,45.0,0.0,0.0,100.0,0.1,1.2,1.4,0.4,0.4,0.1,0.3,0.7,8.2,0.0,0.0,3.2
14-15,Lavoy Allen,IND,26.0,63.0,0.4603174603174603,29.0,34.0,17.0,5.0,2.2,4.7,47.2,0.0,0.0,0.0,0.5,0.7,70.2,2.0,3.2,5.1,1.2,0.6,0.2,0.7,1.6,15.0,4.0,0.0,1.4
14-15,Mike Muscala,ATL,23.0,40.0,0.65,26.0,14.0,12.6,4.9,2.1,3.8,55.0,0.2,0.6,40.9,0.6,0.6,88.0,1.3,1.7,3.0,0.6,0.5,0.4,0.5,1.3,11.5,1.0,0.0,1.4
14-15,Lou Amundson,NYK,32.0,53.0,0.32075471698113206,17.0,36.0,17.7,4.9,2.1,4.8,42.7,0.0,0.0,0.0,0.8,1.6,47.1,1.8,3.3,5.1,1.3,1.2,0.4,1.0,2.4,16.0,3.0,0.0,-2.8
14-15,Andrew Nicholson,ORL,25.0,40.0,0.35,14.0,26.0,12.3,4.9,2.1,4.8,43.7,0.3,1.0,31.7,0.4,0.6,60.0,0.4,1.6,2.1,0.6,0.6,0.2,0.3,1.3,8.9,0.0,0.0,-2.1
14-15,Shawn Marion,CLE,37.0,57.0,0.631578947368421,36.0,21.0,19.3,4.8,2.1,4.7,44.6,0.2,0.8,26.1,0.5,0.6,76.5,1.1,2.4,3.5,0.9,0.6,0.5,0.5,1.0,12.7,0.0,0.0,0.9
14-15,Dante Exum,UTA,19.0,82.0,0.4634146341463415,38.0,44.0,22.2,4.8,1.8,5.1,34.9,1.0,3.2,31.4,0.2,0.4,62.5,0.3,1.3,1.6,2.4,1.4,0.5,0.2,1.8,10.9,0.0,0.0,1.1
14-15,Matthew Dellavedova,CLE,24.0,67.0,0.6417910447761194,43.0,24.0,20.6,4.8,1.7,4.6,36.2,1.0,2.5,40.7,0.4,0.6,76.3,0.6,1.3,1.9,3.0,0.9,0.4,0.0,2.3,11.8,2.0,0.0,0.6
14-15,Bismack Biyombo,CHA,22.0,64.0,0.40625,26.0,38.0,19.4,4.8,1.6,2.9,54.3,0.0,0.0,0.0,1.6,2.7,58.3,2.5,3.9,6.4,0.3,0.8,0.3,1.5,2.2,17.4,6.0,0.0,-0.5
14-15,Damjan Rudez,IND,29.0,68.0,0.4117647058823529,28.0,40.0,15.4,4.8,1.8,3.9,45.2,1.0,2.5,40.6,0.2,0.3,69.6,0.1,0.6,0.7,0.8,0.7,0.2,0.1,1.2,7.0,0.0,0.0,0.5
14-15,John Lucas III,DET,32.0,21.0,0.38095238095238093,8.0,13.0,12.9,4.7,2.0,5.0,40.4,0.4,1.4,31.0,0.2,0.2,100.0,0.2,0.6,0.8,2.9,0.8,0.4,0.0,0.9,10.2,0.0,0.0,-2.2
14-15,Jordan Farmar,LAC,28.0,36.0,0.6388888888888888,23.0,13.0,14.7,4.6,1.7,4.4,38.6,1.0,2.7,36.1,0.3,0.3,90.9,0.2,0.9,1.2,1.9,0.9,0.6,0.1,1.4,10.0,0.0,0.0,-1.2
14-15,Sergey Karasev,BKN,21.0,33.0,0.36363636363636365,12.0,21.0,16.8,4.6,1.6,4.1,40.3,0.5,1.6,29.6,0.9,1.2,76.3,0.7,1.3,2.0,1.4,0.7,0.7,0.0,1.4,10.6,0.0,0.0,0.5
14-15,JaVale McGee,DEN,27.0,23.0,0.34782608695652173,8.0,15.0,11.1,4.6,1.8,3.4,53.2,0.0,0.0,0.0,1.0,1.4,66.7,0.8,1.9,2.7,0.1,0.8,0.1,0.9,1.3,10.1,0.0,0.0,-3.0
14-15,Markel Brown,BKN,23.0,47.0,0.48936170212765956,23.0,24.0,16.6,4.6,1.6,4.5,36.2,0.4,1.4,26.6,1.0,1.2,82.5,0.3,1.9,2.3,0.8,0.6,0.7,0.3,1.2,10.7,1.0,0.0,-0.5
14-15,Robert Sacre,LAL,26.0,67.0,0.2835820895522388,19.0,48.0,16.9,4.6,1.9,4.6,41.2,0.0,0.0,0.0,0.8,1.2,67.1,1.3,2.1,3.5,0.8,0.5,0.4,0.6,1.8,12.6,0.0,0.0,-1.0
14-15,Dorell Wright,POR,29.0,48.0,0.5833333333333334,28.0,20.0,12.3,4.6,1.5,4.0,37.9,0.9,2.3,38.0,0.7,0.9,81.0,0.3,2.0,2.3,0.9,0.4,0.4,0.2,1.1,10.2,0.0,0.0,1.6
14-15,Jannero Pargo,CHA,35.0,9.0,0.2222222222222222,2.0,7.0,8.1,4.6,1.7,3.9,42.9,1.0,2.4,40.9,0.2,0.2,100.0,0.0,0.3,0.3,0.9,0.3,0.0,0.0,0.9,6.0,0.0,0.0,-0.2
14-15,Jon Leuer,MEM,26.0,63.0,0.7142857142857143,45.0,18.0,13.1,4.5,1.9,4.3,44.3,0.1,0.5,24.1,0.6,0.9,62.7,0.8,2.5,3.3,0.7,0.6,0.3,0.1,1.4,10.3,1.0,0.0,-0.4
14-15,Arinze Onuaku,MIN,27.0,6.0,0.0,0.0,6.0,11.4,4.5,2.0,2.3,85.7,0.0,0.0,0.0,0.5,1.3,37.5,1.2,2.3,3.5,0.7,0.3,0.2,0.5,1.0,11.4,0.0,0.0,-3.0
14-15,Alonzo Gee,POR,28.0,54.0,0.3888888888888889,21.0,33.0,12.2,4.5,1.6,3.4,46.8,0.2,0.6,37.1,1.0,1.4,70.1,0.7,1.1,1.7,0.5,0.6,0.6,0.1,1.1,9.0,0.0,0.0,-1.9
14-15,Robbie Hummel,MIN,26.0,45.0,0.1111111111111111,5.0,40.0,16.5,4.4,1.8,3.8,45.9,0.4,1.1,31.4,0.5,0.6,82.8,0.7,2.3,3.0,0.6,0.4,0.4,0.2,1.9,10.1,2.0,0.0,-3.3
14-15,James Jones,CLE,34.0,57.0,0.6140350877192983,35.0,22.0,11.7,4.4,1.3,3.5,36.8,1.1,3.1,36.0,0.7,0.8,84.8,0.2,0.9,1.1,0.4,0.2,0.2,0.1,1.2,7.2,0.0,0.0,-1.9
14-15,Andre Miller,SAC,39.0,81.0,0.5432098765432098,44.0,37.0,15.5,4.4,1.8,3.6,50.0,0.1,0.4,20.6,0.7,1.0,75.3,0.5,1.4,1.9,3.5,1.3,0.4,0.1,1.3,12.0,1.0,0.0,-1.6
14-15,Jeffery Taylor,CHA,26.0,29.0,0.3793103448275862,11.0,18.0,14.8,4.4,1.6,3.9,39.5,0.4,1.2,30.6,0.9,1.4,63.4,0.5,1.3,1.8,0.8,0.7,0.4,0.0,1.2,8.4,0.0,0.0,-4.4
14-15,Nik Stauskas,SAC,21.0,73.0,0.3561643835616438,26.0,47.0,15.4,4.4,1.5,4.1,36.5,0.7,2.0,32.2,0.8,0.9,85.9,0.2,1.1,1.2,0.9,0.5,0.3,0.2,1.3,8.2,0.0,0.0,-1.8
14-15,Festus Ezeli,GSW,25.0,46.0,0.8478260869565217,39.0,7.0,10.9,4.4,1.7,3.0,54.7,0.0,0.0,0.0,1.1,1.7,62.8,1.3,2.1,3.4,0.2,0.7,0.2,0.9,1.7,11.2,0.0,0.0,0.3
14-15,Ian Mahinmi,IND,28.0,61.0,0.45901639344262296,28.0,33.0,18.8,4.3,1.9,3.5,55.2,0.0,0.0,0.0,0.5,1.7,30.4,1.7,4.1,5.8,0.5,1.0,0.5,0.8,2.8,14.9,2.0,0.0,-0.1
14-15,Steve Blake,POR,35.0,81.0,0.6296296296296297,51.0,30.0,18.9,4.3,1.5,4.0,37.3,1.0,2.7,35.2,0.4,0.5,70.7,0.2,1.5,1.7,3.6,1.3,0.5,0.1,1.5,12.1,0.0,0.0,1.3
14-15,Justin Holiday,GSW,26.0,59.0,0.8305084745762712,49.0,10.0,11.1,4.3,1.5,4.0,38.7,0.6,1.8,32.1,0.6,0.8,82.2,0.2,1.0,1.2,0.8,0.5,0.7,0.2,0.9,9.2,0.0,0.0,-0.2
14-15,Perry Jones III,OKC,23.0,43.0,0.5348837209302325,23.0,20.0,14.7,4.3,1.7,4.3,39.7,0.3,1.4,23.3,0.6,0.9,64.9,0.1,1.6,1.8,0.4,0.6,0.4,0.2,1.2,8.2,0.0,0.0,-3.0
14-15,Spencer Dinwiddie,DET,22.0,34.0,0.35294117647058826,12.0,22.0,13.4,4.3,1.5,5.0,30.2,0.4,1.9,18.5,0.9,1.0,91.2,0.1,1.3,1.4,3.1,1.0,0.6,0.2,1.6,11.8,1.0,0.0,-2.1
14-15,Toney Douglas,NOP,29.0,12.0,0.5833333333333334,7.0,5.0,14.7,4.3,1.6,4.3,37.3,0.4,1.5,27.8,0.7,1.1,61.5,0.2,1.7,1.8,2.0,0.8,0.9,0.3,1.7,12.4,0.0,0.0,0.6
14-15,Josh McRoberts,MIA,28.0,17.0,0.47058823529411764,8.0,9.0,17.4,4.2,1.6,3.1,52.8,0.5,1.1,42.1,0.5,0.8,61.5,0.4,2.2,2.6,1.9,1.3,0.7,0.2,2.4,11.7,0.0,0.0,1.9
14-15,Kostas Papanikolaou,HOU,24.0,43.0,0.6744186046511628,29.0,14.0,18.5,4.2,1.6,4.6,35.0,0.7,2.5,29.2,0.3,0.4,72.2,0.9,1.8,2.7,2.0,1.3,0.7,0.3,1.7,12.1,0.0,0.0,-0.9
14-15,Kendall Marshall,MIL,23.0,28.0,0.4642857142857143,13.0,15.0,14.9,4.2,1.6,3.6,45.5,0.6,1.6,39.1,0.3,0.3,88.9,0.1,0.9,1.0,3.1,1.3,0.8,0.0,0.9,11.0,0.0,0.0,2.0
14-15,Udonis Haslem,MIA,35.0,62.0,0.5,31.0,31.0,16.0,4.2,1.7,3.9,44.8,0.0,0.2,20.0,0.7,1.0,70.3,1.1,3.0,4.2,0.7,0.7,0.3,0.2,1.8,11.3,3.0,0.0,-2.5
14-15,Lorenzo Brown,MIN,24.0,29.0,0.20689655172413793,6.0,23.0,18.9,4.2,1.8,4.2,42.6,0.2,1.0,21.4,0.4,0.7,63.2,0.5,1.9,2.4,3.1,1.0,1.0,0.2,1.7,14.2,0.0,0.0,-3.2
14-15,Nick Calathes,MEM,26.0,58.0,0.6206896551724138,36.0,22.0,14.4,4.2,1.8,4.3,42.1,0.2,0.7,25.6,0.4,0.8,53.3,0.3,1.5,1.8,2.5,1.1,1.1,0.1,1.7,12.6,0.0,0.0,1.5
14-15,Nick Collison,OKC,34.0,66.0,0.5757575757575758,38.0,28.0,16.7,4.1,1.6,3.8,41.9,0.2,0.9,26.7,0.7,1.0,69.2,1.4,2.4,3.8,1.4,0.7,0.5,0.4,2.4,12.8,0.0,0.0,1.3
14-15,James Michael McAdoo,GSW,22.0,15.0,0.7333333333333333,11.0,4.0,9.1,4.1,1.6,2.9,54.5,0.0,0.0,0.0,0.9,1.7,56.0,1.0,1.5,2.5,0.1,0.4,0.3,0.6,1.4,9.7,0.0,0.0,0.6
14-15,Pablo Prigioni,HOU,38.0,67.0,0.373134328358209,25.0,42.0,17.9,4.1,1.4,3.4,39.9,0.9,2.5,34.3,0.5,0.6,85.4,0.4,1.3,1.8,2.6,0.9,1.2,0.0,1.3,12.7,0.0,0.0,-1.0
14-15,Luke Babbitt,NOP,26.0,63.0,0.5396825396825397,34.0,29.0,13.2,4.1,1.5,3.0,47.9,0.9,1.8,51.3,0.2,0.3,68.4,0.2,1.6,1.8,0.4,0.4,0.3,0.2,1.0,7.7,0.0,0.0,-1.6
14-15,Miles Plumlee,MIL,26.0,73.0,0.4657534246575342,34.0,39.0,16.4,4.0,1.9,3.5,53.5,0.0,0.0,0.0,0.3,0.6,47.8,1.5,2.8,4.4,0.5,0.7,0.6,0.9,1.5,13.7,1.0,0.0,0.0
14-15,Luke Ridnour,ORL,34.0,47.0,0.2765957446808511,13.0,34.0,14.5,4.0,1.6,3.7,42.6,0.4,1.3,31.7,0.4,0.4,85.7,0.2,1.3,1.4,2.0,0.8,0.4,0.1,1.4,9.5,0.0,0.0,-2.7
14-15,Samuel Dalembert,NYK,35.0,32.0,0.15625,5.0,27.0,17.0,4.0,1.8,4.1,43.8,0.0,0.0,0.0,0.4,0.6,70.0,1.7,3.6,5.3,0.9,1.2,0.4,1.3,2.2,15.6,1.0,0.0,-5.5
14-15,Shannon Brown,MIA,29.0,5.0,0.6,3.0,2.0,17.8,4.0,1.4,3.8,36.8,0.6,1.4,42.9,0.6,0.8,75.0,0.0,0.2,0.2,0.6,0.8,0.8,0.0,1.6,6.7,0.0,0.0,-3.2
14-15,Glen Davis,LAC,29.0,74.0,0.7027027027027027,52.0,22.0,12.2,4.0,1.6,3.4,45.9,0.0,0.1,0.0,0.8,1.3,63.2,0.6,1.7,2.3,0.5,0.5,0.6,0.3,1.8,9.5,0.0,0.0,-1.1
14-15,Garrett Temple,WAS,29.0,52.0,0.5384615384615384,28.0,24.0,14.1,3.9,1.3,3.3,40.0,0.6,1.7,37.5,0.7,0.9,72.9,0.5,1.3,1.7,1.1,0.7,0.8,0.2,1.5,9.9,0.0,0.0,-0.9
14-15,Travis Wear,NYK,24.0,51.0,0.13725490196078433,7.0,44.0,13.2,3.9,1.6,4.1,40.2,0.2,0.6,36.7,0.4,0.5,76.9,0.6,1.5,2.1,0.8,0.7,0.3,0.2,1.1,8.4,0.0,0.0,-1.6
14-15,Joffrey Lauvergne,DEN,23.0,24.0,0.375,9.0,15.0,11.2,3.9,1.5,3.7,40.4,0.1,0.7,18.8,0.8,1.2,64.3,1.1,2.1,3.2,0.5,0.9,0.3,0.4,1.8,9.9,0.0,0.0,-4.7
14-15,Larry Drew II,PHI,25.0,12.0,0.3333333333333333,4.0,8.0,18.3,3.8,1.7,4.8,34.5,0.3,2.2,15.4,0.2,0.3,66.7,0.1,1.2,1.3,3.8,2.1,0.5,0.0,1.1,10.4,0.0,0.0,-6.1
14-15,Austin Daye,ATL,27.0,34.0,0.5,17.0,17.0,10.1,3.8,1.5,4.1,35.5,0.7,2.1,33.8,0.1,0.2,83.3,0.3,1.9,2.2,0.5,0.7,0.4,0.1,1.1,8.0,2.0,0.0,-1.3
14-15,Reggie Evans,SAC,35.0,47.0,0.3404255319148936,16.0,31.0,16.3,3.7,1.2,2.9,42.3,0.0,0.0,0.0,1.3,2.1,61.9,2.1,4.3,6.4,0.7,1.0,0.5,0.1,1.9,13.2,2.0,0.0,-1.0
14-15,Troy Daniels,CHA,23.0,47.0,0.3191489361702128,15.0,32.0,8.5,3.7,1.3,3.5,37.0,0.9,2.5,36.4,0.2,0.3,84.6,0.2,0.5,0.7,0.5,0.4,0.1,0.0,0.9,5.3,0.0,0.0,-1.8
14-15,Hedo Turkoglu,LAC,36.0,62.0,0.6774193548387096,42.0,20.0,11.4,3.7,1.3,3.0,44.1,1.0,2.2,43.2,0.1,0.2,54.5,0.1,1.5,1.6,0.6,0.5,0.3,0.1,1.1,7.3,0.0,0.0,0.2
14-15,Raymond Felton,DAL,31.0,29.0,0.4827586206896552,14.0,15.0,9.7,3.7,1.5,3.7,40.6,0.3,1.2,29.4,0.4,0.5,80.0,0.1,0.8,0.9,1.4,0.6,0.4,0.1,0.6,7.9,0.0,0.0,-0.7
14-15,Matt Bonner,SAS,35.0,72.0,0.6805555555555556,49.0,23.0,13.0,3.7,1.3,3.2,40.9,0.6,1.8,36.5,0.4,0.5,81.1,0.4,1.2,1.6,0.7,0.2,0.1,0.2,0.9,7.3,0.0,0.0,0.5
14-15,Tyler Ennis,MIL,20.0,33.0,0.3333333333333333,11.0,22.0,12.5,3.7,1.6,4.4,36.1,0.4,1.3,27.9,0.2,0.2,71.4,0.2,0.8,1.1,2.2,1.3,0.5,0.2,1.1,9.1,0.0,0.0,-1.8
14-15,Dewayne Dedmon,ORL,25.0,59.0,0.288135593220339,17.0,42.0,14.3,3.7,1.5,2.7,56.2,0.0,0.0,0.0,0.6,1.1,53.1,2.0,3.0,5.0,0.2,0.9,0.3,0.8,2.4,12.4,2.0,0.0,-0.4
14-15,Cory Jefferson,BKN,24.0,50.0,0.36,18.0,32.0,10.6,3.7,1.5,3.3,44.9,0.0,0.3,13.3,0.6,1.1,57.4,0.9,2.0,2.9,0.3,0.4,0.2,0.4,1.2,9.1,1.0,0.0,1.5
14-15,Tyler Hansbrough,TOR,29.0,74.0,0.6081081081081081,45.0,29.0,14.3,3.6,1.2,2.2,52.1,0.0,0.1,14.3,1.3,1.9,69.8,1.4,2.1,3.6,0.3,0.3,0.4,0.2,1.9,9.9,2.0,0.0,2.6
14-15,Kendrick Perkins,CLE,30.0,68.0,0.5588235294117647,38.0,30.0,16.9,3.6,1.5,3.3,44.9,0.0,0.0,0.0,0.6,1.2,50.6,1.3,3.4,4.7,0.8,1.4,0.2,0.6,2.4,11.6,0.0,0.0,0.3
14-15,Lester Hudson,LAC,30.0,5.0,1.0,5.0,0.0,11.1,3.6,1.2,2.8,42.9,0.6,1.2,50.0,0.6,0.8,75.0,0.2,1.4,1.6,1.0,0.6,1.2,0.2,0.8,10.6,0.0,0.0,-1.2
14-15,Jimmer Fredette,NOP,26.0,50.0,0.54,27.0,23.0,10.2,3.6,1.3,3.3,38.0,0.2,1.0,18.8,0.9,0.9,95.6,0.2,0.6,0.8,1.2,0.7,0.3,0.0,0.9,6.6,0.0,0.0,0.8
14-15,Phil Pressey,BOS,24.0,50.0,0.44,22.0,28.0,12.0,3.5,1.3,3.5,36.8,0.3,1.3,24.6,0.7,1.0,67.3,0.3,1.3,1.6,2.3,0.8,0.6,0.1,1.1,10.3,1.0,0.0,0.0
14-15,Jeff Adrien,HOU,29.0,17.0,0.058823529411764705,1.0,16.0,12.7,3.5,1.1,2.6,43.2,0.0,0.0,0.0,1.3,2.2,57.9,1.4,3.2,4.5,0.9,0.5,0.2,0.5,1.8,12.1,0.0,0.0,-0.8
14-15,Joel Freeland,POR,28.0,48.0,0.7083333333333334,34.0,14.0,12.8,3.5,1.5,3.1,49.0,0.0,0.0,0.0,0.4,0.5,84.0,1.3,2.7,4.0,0.3,0.5,0.2,0.5,1.9,10.3,1.0,0.0,1.3
14-15,Maurice Harkless,ORL,22.0,45.0,0.2,9.0,36.0,15.0,3.5,1.4,3.5,39.9,0.2,1.2,17.9,0.5,0.9,53.7,0.8,1.5,2.4,0.6,0.6,0.7,0.2,1.5,9.3,0.0,0.0,-2.0
14-15,Gary Harris,DEN,20.0,55.0,0.32727272727272727,18.0,37.0,13.1,3.4,1.2,3.9,30.4,0.4,1.9,20.4,0.6,0.9,74.5,0.4,0.8,1.2,0.5,0.7,0.7,0.1,1.3,7.4,0.0,0.0,-3.1
14-15,Andre Roberson,OKC,23.0,67.0,0.6119402985074627,41.0,26.0,19.2,3.4,1.4,3.0,45.8,0.3,1.3,24.7,0.3,0.7,47.9,0.9,2.9,3.8,1.0,0.7,0.8,0.4,2.1,12.5,1.0,0.0,1.6
14-15,Erick Green,DEN,24.0,43.0,0.3488372093023256,15.0,28.0,9.5,3.4,1.4,3.8,37.7,0.3,1.1,29.8,0.2,0.3,83.3,0.2,0.6,0.7,0.9,0.3,0.3,0.0,0.6,6.1,0.0,0.0,-1.9
14-15,James Young,BOS,19.0,31.0,0.45161290322580644,14.0,17.0,10.7,3.4,1.2,3.3,35.3,0.5,2.1,25.8,0.5,0.9,55.2,0.3,1.1,1.4,0.4,0.2,0.3,0.1,0.7,6.4,0.0,0.0,0.2
14-15,Jason Maxiell,CHA,32.0,61.0,0.36065573770491804,22.0,39.0,14.4,3.3,1.3,3.1,42.2,0.0,0.0,0.0,0.7,1.2,57.7,1.4,1.9,3.3,0.3,0.5,0.3,0.7,1.6,10.4,0.0,0.0,-2.5
14-15,Noah Vonleh,CHA,19.0,25.0,0.32,8.0,17.0,10.3,3.3,1.2,3.0,39.5,0.2,0.5,38.5,0.7,1.0,69.2,1.1,2.3,3.4,0.2,0.4,0.2,0.4,0.8,8.8,1.0,0.0,-2.7
14-15,Martell Webster,WAS,28.0,32.0,0.375,12.0,20.0,11.0,3.3,0.8,2.8,26.4,0.3,1.3,23.3,1.5,2.0,75.0,0.3,1.1,1.4,0.5,0.7,0.2,0.0,0.8,5.9,0.0,0.0,-4.2
14-15,Allen Crabbe,POR,23.0,51.0,0.7058823529411765,36.0,15.0,13.4,3.3,1.2,3.0,41.2,0.6,1.7,35.3,0.2,0.3,75.0,0.1,1.3,1.4,0.8,0.3,0.4,0.3,1.5,7.9,0.0,0.0,-0.5
14-15,Francisco Garcia,HOU,33.0,14.0,0.7142857142857143,10.0,4.0,14.3,3.2,1.2,4.5,27.0,0.7,3.2,22.2,0.1,0.3,25.0,0.2,1.0,1.2,1.1,0.7,0.6,0.4,1.4,8.6,0.0,0.0,-0.7
14-15,Will Bynum,WAS,32.0,7.0,0.5714285714285714,4.0,3.0,9.5,3.1,1.4,4.4,32.3,0.0,1.3,0.0,0.3,0.6,50.0,0.3,0.6,0.9,2.6,1.1,0.1,0.1,1.3,7.7,0.0,0.0,-7.1
14-15,Jerome Jordan,BKN,28.0,44.0,0.38636363636363635,17.0,27.0,8.7,3.1,1.1,2.1,53.2,0.0,0.0,0.0,0.9,1.0,86.4,1.2,1.2,2.4,0.3,0.5,0.2,0.3,1.3,7.5,1.0,0.0,-1.7
14-15,Jordan Adams,MEM,20.0,30.0,0.4666666666666667,14.0,16.0,8.3,3.1,1.2,2.9,40.7,0.3,0.8,40.0,0.5,0.8,60.9,0.3,0.6,0.9,0.5,0.5,0.5,0.2,0.8,6.9,0.0,0.0,0.6
14-15,Dwight Powell,DAL,23.0,29.0,0.3793103448275862,11.0,18.0,8.2,3.1,1.1,2.3,46.3,0.1,0.4,27.3,0.9,1.1,75.8,0.6,1.1,1.7,0.3,0.4,0.3,0.2,1.4,6.8,0.0,0.0,0.0
14-15,Doug McDermott,CHI,23.0,36.0,0.6388888888888888,23.0,13.0,8.9,3.0,1.2,3.0,40.2,0.4,1.1,31.7,0.3,0.4,66.7,0.2,1.0,1.2,0.2,0.5,0.1,0.0,0.8,4.7,0.0,0.0,-2.3
14-15,Jarnell Stokes,MEM,21.0,19.0,0.631578947368421,12.0,7.0,6.6,3.0,1.1,1.9,56.8,0.0,0.0,0.0,0.8,1.5,53.6,0.8,0.9,1.8,0.2,0.4,0.3,0.3,1.3,6.7,0.0,0.0,0.8
14-15,Ryan Hollins,SAC,30.0,46.0,0.2826086956521739,13.0,33.0,9.6,3.0,1.2,1.8,64.6,0.0,0.0,0.0,0.7,1.2,57.4,0.8,1.5,2.2,0.3,0.5,0.1,0.4,1.4,7.2,0.0,0.0,-1.2
14-15,Johnny O'Bryant III,MIL,22.0,34.0,0.5,17.0,17.0,10.8,2.9,1.3,3.5,36.7,0.0,0.0,0.0,0.4,0.8,44.4,0.8,1.1,1.9,0.5,0.7,0.1,0.1,1.3,6.0,0.0,0.0,-2.9
14-15,Quincy Miller,DET,22.0,10.0,0.2,2.0,8.0,12.0,2.9,0.9,3.8,23.7,0.3,1.8,16.7,0.8,1.1,72.7,0.4,1.6,2.0,0.8,0.5,0.7,0.5,0.9,9.6,0.0,0.0,4.4
14-15,Shayne Whittington,IND,24.0,20.0,0.45,9.0,11.0,5.4,2.9,1.0,2.1,45.2,0.1,0.3,16.7,0.9,1.2,78.3,0.5,1.0,1.5,0.3,0.3,0.3,0.1,0.9,5.8,0.0,0.0,0.8
14-15,Elliot Williams,PHI,26.0,13.0,0.46153846153846156,6.0,7.0,9.1,2.8,1.1,2.8,37.8,0.6,1.4,44.4,0.1,0.3,25.0,0.0,0.6,0.6,0.9,0.3,0.3,0.0,0.9,5.6,0.0,0.0,0.6
14-15,Bernard James,DAL,30.0,16.0,0.375,6.0,10.0,9.9,2.8,0.8,1.7,44.4,0.0,0.0,0.0,1.3,1.4,87.0,1.1,1.3,2.4,0.3,0.4,0.1,0.9,1.1,8.9,0.0,0.0,-0.6
14-15,Jordan Hamilton,LAC,24.0,14.0,0.7142857142857143,10.0,4.0,8.7,2.7,1.0,2.5,40.0,0.7,1.5,47.6,0.0,0.0,0.0,0.1,1.0,1.1,0.5,0.3,0.1,0.0,1.0,5.0,0.0,0.0,-2.1
14-15,Earl Clark,BKN,27.0,10.0,0.6,6.0,4.0,9.3,2.7,1.1,3.0,36.7,0.4,1.4,28.6,0.1,0.4,25.0,0.1,2.2,2.3,0.3,0.6,0.3,0.4,1.2,7.4,0.0,0.0,-2.8
14-15,Jeff Ayres,SAS,28.0,51.0,0.6470588235294118,33.0,18.0,7.5,2.7,1.1,1.9,57.9,0.0,0.0,0.0,0.5,0.7,75.0,0.7,1.6,2.3,0.3,0.5,0.2,0.2,1.2,6.3,0.0,0.0,-1.1
14-15,Clint Capela,HOU,21.0,12.0,0.6666666666666666,8.0,4.0,7.5,2.7,1.2,2.4,48.3,0.0,0.0,0.0,0.3,1.9,17.4,0.8,2.2,3.0,0.2,0.4,0.1,0.8,1.2,8.6,0.0,0.0,0.7
14-15,David Stockton,SAC,24.0,3.0,0.3333333333333333,1.0,2.0,11.0,2.7,0.7,2.0,33.3,0.3,0.7,50.0,1.0,2.0,50.0,0.0,0.7,0.7,3.0,1.3,0.7,0.0,0.3,8.6,0.0,0.0,7.7
14-15,Elton Brand,ATL,36.0,36.0,0.6944444444444444,25.0,11.0,13.5,2.7,1.2,2.6,44.2,0.0,0.0,0.0,0.3,0.6,52.2,0.8,2.0,2.8,0.6,0.5,0.5,0.7,1.5,9.9,0.0,0.0,0.1
14-15,Joe Harris,CLE,23.0,51.0,0.6274509803921569,32.0,19.0,9.7,2.7,0.9,2.4,40.0,0.6,1.6,36.9,0.2,0.3,60.0,0.1,0.7,0.8,0.5,0.5,0.1,0.0,1.2,4.4,0.0,0.0,-2.0
14-15,Joey Dorsey,HOU,31.0,69.0,0.6956521739130435,48.0,21.0,12.4,2.7,1.2,2.1,55.2,0.0,0.0,0.0,0.3,1.2,28.9,1.5,2.6,4.0,0.4,0.6,0.6,0.4,2.3,10.3,0.0,0.0,0.2
14-15,E'Twaun Moore,CHI,26.0,56.0,0.6428571428571429,36.0,20.0,9.0,2.7,1.1,2.5,44.6,0.2,0.7,34.2,0.2,0.4,60.0,0.2,0.6,0.8,0.6,0.3,0.4,0.1,0.8,5.7,0.0,0.0,-0.5
14-15,Jorge Gutierrez,MIL,26.0,20.0,0.5,10.0,10.0,8.7,2.7,1.1,2.1,53.7,0.0,0.2,0.0,0.5,0.7,69.2,0.3,1.0,1.3,1.1,0.6,0.3,0.0,1.3,6.1,0.0,0.0,-1.4
14-15,Jeff Withey,NOP,25.0,37.0,0.4594594594594595,17.0,20.0,7.0,2.6,0.9,1.7,50.0,0.0,0.0,0.0,0.9,1.4,68.0,0.6,1.1,1.7,0.3,0.3,0.1,0.5,0.7,6.6,0.0,0.0,-1.1
14-15,Malcolm Thomas,PHI,26.0,17.0,0.11764705882352941,2.0,15.0,11.4,2.6,1.1,2.4,45.0,0.0,0.4,0.0,0.5,0.8,69.2,0.9,2.4,3.3,0.4,0.8,0.2,0.1,1.0,7.2,0.0,0.0,-6.4
14-15,Nick Johnson,HOU,22.0,28.0,0.6428571428571429,18.0,10.0,9.4,2.6,0.9,2.7,34.7,0.2,0.8,23.8,0.6,0.9,68.0,0.5,0.9,1.4,0.4,0.7,0.3,0.1,1.2,5.3,0.0,0.0,-1.7
14-15,JaMychal Green,MEM,25.0,24.0,0.4166666666666667,10.0,14.0,6.8,2.6,1.1,2.0,57.4,0.0,0.3,0.0,0.3,0.4,80.0,0.8,1.1,1.9,0.2,0.6,0.2,0.2,1.0,5.8,0.0,0.0,-1.0
14-15,Russ Smith,MEM,24.0,12.0,0.5833333333333334,7.0,5.0,5.4,2.5,0.7,2.1,32.0,0.2,0.9,18.2,1.0,1.1,92.3,0.1,0.4,0.5,0.7,1.0,0.3,0.0,1.1,3.9,0.0,0.0,1.8
14-15,Victor Claver,POR,26.0,10.0,0.6,6.0,4.0,7.6,2.4,0.9,2.0,45.0,0.6,1.1,54.5,0.0,0.0,0.0,0.3,1.7,2.0,0.1,0.4,0.1,0.1,1.2,5.2,0.0,0.0,2.1
14-15,Jeremy Evans,UTA,27.0,38.0,0.5,19.0,19.0,7.0,2.4,0.8,1.5,55.2,0.1,0.1,40.0,0.6,0.8,82.8,0.7,1.2,1.9,0.3,0.1,0.3,0.3,0.8,6.8,0.0,0.0,0.8
14-15,Devyn Marble,ORL,22.0,16.0,0.1875,3.0,13.0,13.0,2.3,0.9,2.8,31.8,0.3,1.4,18.2,0.3,1.0,31.3,0.3,1.6,1.9,1.1,0.6,0.6,0.1,0.9,7.7,0.0,0.0,-1.0
14-15,Furkan Aldemir,PHI,23.0,41.0,0.21951219512195122,9.0,32.0,13.2,2.3,1.0,1.9,51.3,0.0,0.1,0.0,0.3,0.7,48.1,1.9,2.4,4.3,0.7,0.4,0.4,0.4,2.3,10.4,1.0,0.0,-2.5
14-15,Kyle Anderson,SAS,21.0,33.0,0.6666666666666666,22.0,11.0,10.9,2.2,0.9,2.7,34.8,0.1,0.3,27.3,0.3,0.4,64.3,0.2,2.0,2.2,0.8,0.3,0.5,0.2,0.8,7.8,0.0,0.0,-1.1
14-15,Xavier Henry,LAL,24.0,9.0,0.1111111111111111,1.0,8.0,9.5,2.2,0.3,1.4,23.1,0.0,0.0,0.0,1.6,2.7,58.3,0.2,0.2,0.4,0.3,0.3,0.3,0.0,0.7,3.9,0.0,0.0,1.6
14-15,Glen Rice,WAS,24.0,5.0,0.8,4.0,1.0,8.5,2.2,0.6,3.0,20.0,0.2,1.4,14.3,0.8,1.2,66.7,0.4,0.4,0.8,0.4,0.4,0.0,0.0,2.2,3.4,0.0,0.0,-4.4
14-15,Darius Morris,BKN,24.0,38.0,0.3684210526315789,14.0,24.0,7.9,2.2,0.9,2.8,34.0,0.2,0.9,21.2,0.1,0.2,44.4,0.2,0.5,0.7,1.3,0.6,0.2,0.0,0.5,5.1,0.0,0.0,-1.7
14-15,Mike Miller,CLE,35.0,52.0,0.5961538461538461,31.0,21.0,13.5,2.1,0.7,2.2,32.5,0.6,1.9,32.7,0.1,0.1,75.0,0.1,1.7,1.8,0.9,0.4,0.3,0.1,1.4,6.1,0.0,0.0,-1.4
14-15,Glenn Robinson III,PHI,21.0,35.0,0.05714285714285714,2.0,33.0,7.5,2.1,0.7,1.9,38.8,0.1,0.5,26.3,0.5,0.7,66.7,0.4,0.7,1.1,0.3,0.3,0.2,0.0,0.4,4.2,0.0,0.0,0.8
14-15,Earl Barron,PHX,33.0,16.0,0.3125,5.0,11.0,8.9,2.0,0.8,2.4,30.8,0.1,0.3,50.0,0.4,0.8,50.0,0.9,0.9,1.8,0.3,0.3,0.3,0.1,1.6,5.4,0.0,0.0,-3.6
14-15,Grant Jerrett,UTA,21.0,8.0,0.75,6.0,2.0,6.4,2.0,0.9,3.3,26.9,0.1,1.9,6.7,0.1,0.1,100.0,0.3,0.9,1.1,0.4,0.4,0.3,0.3,1.4,5.0,0.0,0.0,-2.5
14-15,John Salmons,NOP,35.0,21.0,0.42857142857142855,9.0,12.0,12.8,2.0,0.8,2.3,33.3,0.4,1.2,30.8,0.1,0.2,50.0,0.2,0.8,1.0,0.6,0.2,0.4,0.2,1.2,5.7,0.0,0.0,-3.0
14-15,Julius Randle,LAL,20.0,1.0,0.0,0.0,1.0,13.6,2.0,1.0,3.0,33.3,0.0,0.0,0.0,0.0,2.0,0.0,0.0,0.0,0.0,0.0,1.0,0.0,0.0,1.0,1.0,0.0,0.0,-18.0
14-15,Nate Wolters,MIL,24.0,21.0,0.6666666666666666,14.0,7.0,11.7,2.0,1.0,2.7,35.1,0.0,0.3,0.0,0.1,0.3,33.3,0.4,1.2,1.6,1.0,0.6,0.4,0.1,0.9,6.3,0.0,0.0,-0.6
14-15,Tyrus Thomas,MEM,28.0,2.0,1.0,2.0,0.0,3.3,2.0,0.5,0.5,100.0,0.0,0.0,0.0,1.0,1.0,100.0,0.0,0.0,0.0,0.5,0.0,0.0,0.0,0.0,2.8,0.0,0.0,0.5
14-15,CJ Wilcox,LAC,24.0,21.0,0.7142857142857143,15.0,6.0,4.8,2.0,0.8,1.8,42.1,0.3,0.9,36.8,0.1,0.1,100.0,0.0,0.3,0.3,0.4,0.5,0.1,0.0,0.3,3.0,0.0,0.0,-0.9
14-15,DeJuan Blair,WAS,26.0,29.0,0.5172413793103449,15.0,14.0,6.2,1.9,0.9,2.0,45.6,0.0,0.0,0.0,0.1,0.2,66.7,0.6,1.4,1.9,0.1,0.4,0.2,0.0,1.4,4.8,0.0,0.0,-2.1
14-15,Reggie Bullock,PHX,24.0,36.0,0.5277777777777778,19.0,17.0,9.4,1.9,0.7,1.9,34.3,0.4,1.3,32.6,0.2,0.3,66.7,0.0,1.4,1.4,0.2,0.2,0.3,0.1,0.5,4.9,0.0,0.0,-0.1
14-15,Greg Smith,DAL,24.0,42.0,0.6428571428571429,27.0,15.0,8.6,1.9,0.7,1.2,61.2,0.0,0.0,0.0,0.5,0.9,51.3,0.6,1.3,1.9,0.2,0.3,0.2,0.3,1.3,5.5,0.0,0.0,-0.6
14-15,Ian Clark,DEN,24.0,30.0,0.3,9.0,21.0,6.4,1.9,0.6,1.8,34.5,0.3,1.0,33.3,0.3,0.3,100.0,0.1,0.4,0.5,0.4,0.3,0.3,0.1,0.7,4.0,0.0,0.0,-1.4
14-15,Drew Gordon,PHI,24.0,9.0,0.0,0.0,9.0,7.9,1.9,0.9,2.1,42.1,0.0,0.3,0.0,0.1,0.2,50.0,0.8,1.2,2.0,0.2,0.9,0.1,0.0,0.8,4.1,0.0,0.0,-3.8
